indicator_id,country_id,year,value,magnitude,qualifier
#indicator+code,#country+code,#date+year,#indicator+value+num,,
200101,NPL,1970,12364.13000,,
200101,NPL,1971,12638.44000,,
200101,NPL,1972,12911.29900,,
200101,NPL,1973,13193.14200,,
200101,NPL,1974,13478.78400,,
200101,NPL,1975,13773.81800,,
200101,NPL,1976,14077.26400,,
200101,NPL,1977,14384.21200,,
200101,NPL,1978,14716.64800,,
200101,NPL,1979,15060.89200,,
200101,NPL,1980,15416.23500,,
200101,NPL,1981,15784.64900,,
200101,NPL,1982,16154.93600,,
200101,NPL,1983,16539.31200,,
200101,NPL,1984,16942.01700,,
200101,NPL,1985,17341.20300,,
200101,NPL,1986,17739.93800,,
200101,NPL,1987,18133.91400,,
200101,NPL,1988,18518.49400,,
200101,NPL,1989,18922.99600,,
200101,NPL,1990,19367.15800,,
200101,NPL,1991,19865.90200,,
200101,NPL,1992,20395.65500,,
200101,NPL,1993,21008.61100,,
200101,NPL,1994,21526.10700,,
200101,NPL,1995,22063.39500,,
200101,NPL,1996,22547.74600,,
200101,NPL,1997,23020.19200,,
200101,NPL,1998,23478.64300,,
200101,NPL,1999,23928.01300,,
200101,NPL,2000,24358.30100,,
200101,NPL,2001,24760.70000,,
200101,NPL,2002,25151.44300,,
200101,NPL,2003,25512.91300,,
200101,NPL,2004,25852.90300,,
200101,NPL,2005,26155.02700,,
200101,NPL,2006,26415.19300,,
200101,NPL,2007,26622.74900,,
200101,NPL,2008,26804.56100,,
200101,NPL,2009,26958.52700,,
200101,NPL,2010,27095.35500,,
200101,NPL,2011,27227.77800,,
200101,NPL,2012,27305.02000,,
200101,NPL,2013,27356.36800,,
200101,NPL,2014,27406.74200,,
200101,NPL,2015,27517.47000,,
200101,NPL,2016,27703.18100,,
200101,NPL,2017,28019.19100,,
200101,NPL,2018,28347.66000,,
200101,NPL,2019,28665.76400,,
200101,NPL,2020,28999.22700,,
200101,NPL,2021,29698.02800,,
200101,NPL,2022,30371.95100,,
200101,NPL,2023,30723.20900,,
200144,NPL,1970,2384.67100,,
200144,NPL,1971,2437.27800,,
200144,NPL,1972,2485.37900,,
200144,NPL,1973,2529.32000,,
200144,NPL,1974,2568.16100,,
200144,NPL,1975,2613.34200,,
200144,NPL,1976,2660.53800,,
200144,NPL,1977,2708.66200,,
200144,NPL,1978,2765.96100,,
200144,NPL,1979,2826.08300,,
200144,NPL,1980,2891.04200,,
200144,NPL,1981,2961.49700,,
200144,NPL,1982,3032.72300,,
200144,NPL,1983,3109.02800,,
200144,NPL,1984,3192.18900,,
200144,NPL,1985,3271.65700,,
200144,NPL,1986,3349.02200,,
200144,NPL,1987,3422.84000,,
200144,NPL,1988,3489.86400,,
200144,NPL,1989,3560.16000,,
200144,NPL,1990,3645.60800,,
200144,NPL,1991,3748.42500,,
200144,NPL,1992,3861.09500,,
200144,NPL,1993,3995.14800,,
200144,NPL,1994,4092.53200,,
200144,NPL,1995,4198.54500,,
200144,NPL,1996,4287.15800,,
200144,NPL,1997,4380.63300,,
200144,NPL,1998,4482.84900,,
200144,NPL,1999,4594.74100,,
200144,NPL,2000,4708.82600,,
200144,NPL,2001,4819.88900,,
200144,NPL,2002,4935.65500,,
200144,NPL,2003,5023.35700,,
200144,NPL,2004,5106.92700,,
200144,NPL,2005,5182.02600,,
200144,NPL,2006,5257.88400,,
200144,NPL,2007,5323.87800,,
200144,NPL,2008,5391.77100,,
200144,NPL,2009,5470.94900,,
200144,NPL,2010,5549.49500,,
200144,NPL,2011,5636.42000,,
200144,NPL,2012,5690.66300,,
200144,NPL,2013,5723.68800,,
200144,NPL,2014,5750.33200,,
200144,NPL,2015,5799.80200,,
200144,NPL,2016,5879.01600,,
200144,NPL,2017,5998.88700,,
200144,NPL,2018,6098.56200,,
200144,NPL,2019,6162.64500,,
200144,NPL,2020,6206.76700,,
200144,NPL,2021,6348.17400,,
200144,NPL,2022,6447.93900,,
200144,NPL,2023,6407.05000,,
200151,NPL,1970,398.13900,,
200151,NPL,1971,410.20600,,
200151,NPL,1972,422.57400,,
200151,NPL,1973,435.07900,,
200151,NPL,1974,447.65400,,
200151,NPL,1975,460.35900,,
200151,NPL,1976,473.48200,,
200151,NPL,1977,486.97300,,
200151,NPL,1978,500.68800,,
200151,NPL,1979,515.14200,,
200151,NPL,1980,530.11400,,
200151,NPL,1981,545.61300,,
200151,NPL,1982,561.32300,,
200151,NPL,1983,577.09300,,
200151,NPL,1984,592.80000,,
200151,NPL,1985,608.49800,,
200151,NPL,1986,624.16100,,
200151,NPL,1987,639.92200,,
200151,NPL,1988,655.91300,,
200151,NPL,1989,672.28500,,
200151,NPL,1990,690.25400,,
200151,NPL,1991,709.64800,,
200151,NPL,1992,730.76700,,
200151,NPL,1993,754.08700,,
200151,NPL,1994,775.11300,,
200151,NPL,1995,797.04100,,
200151,NPL,1996,818.50100,,
200151,NPL,1997,840.55200,,
200151,NPL,1998,863.50400,,
200151,NPL,1999,887.50500,,
200151,NPL,2000,912.00200,,
200151,NPL,2001,936.66700,,
200151,NPL,2002,962.31600,,
200151,NPL,2003,991.90200,,
200151,NPL,2004,1022.42100,,
200151,NPL,2005,1053.67300,,
200151,NPL,2006,1092.61100,,
200151,NPL,2007,1134.13100,,
200151,NPL,2008,1177.60600,,
200151,NPL,2009,1220.98200,,
200151,NPL,2010,1263.75400,,
200151,NPL,2011,1304.59400,,
200151,NPL,2012,1347.75100,,
200151,NPL,2013,1395.01800,,
200151,NPL,2014,1447.53800,,
200151,NPL,2015,1495.88000,,
200151,NPL,2016,1543.92700,,
200151,NPL,2017,1595.09700,,
200151,NPL,2018,1646.16900,,
200151,NPL,2019,1696.38600,,
200151,NPL,2020,1747.50700,,
200151,NPL,2021,1797.68900,,
200151,NPL,2022,1835.77600,,
200151,NPL,2023,1883.22500,,
200343,NPL,1970,5018.41600,,
200343,NPL,1971,5131.12800,,
200343,NPL,1972,5248.00700,,
200343,NPL,1973,5367.50700,,
200343,NPL,1974,5487.39700,,
200343,NPL,1975,5616.64200,,
200343,NPL,1976,5748.76000,,
200343,NPL,1977,5884.83500,,
200343,NPL,1978,6024.29600,,
200343,NPL,1979,6169.52400,,
200343,NPL,1980,6318.48700,,
200343,NPL,1981,6469.49600,,
200343,NPL,1982,6624.77800,,
200343,NPL,1983,6786.39500,,
200343,NPL,1984,6953.58000,,
200343,NPL,1985,7128.42000,,
200343,NPL,1986,7305.10300,,
200343,NPL,1987,7484.52300,,
200343,NPL,1988,7669.84900,,
200343,NPL,1989,7863.36100,,
200343,NPL,1990,8058.62700,,
200343,NPL,1991,8261.87400,,
200343,NPL,1992,8466.52600,,
200343,NPL,1993,8682.68500,,
200343,NPL,1994,8897.95100,,
200343,NPL,1995,9110.46400,,
200343,NPL,1996,9314.57500,,
200343,NPL,1997,9499.25800,,
200343,NPL,1998,9660.58700,,
200343,NPL,1999,9805.75600,,
200343,NPL,2000,9929.63600,,
200343,NPL,2001,10038.02600,,
200343,NPL,2002,10122.67400,,
200343,NPL,2003,10184.01800,,
200343,NPL,2004,10227.70500,,
200343,NPL,2005,10248.28100,,
200343,NPL,2006,10235.06800,,
200343,NPL,2007,10189.44200,,
200343,NPL,2008,10117.22700,,
200343,NPL,2009,10010.83700,,
200343,NPL,2010,9887.91300,,
200343,NPL,2011,9754.42900,,
200343,NPL,2012,9622.28000,,
200343,NPL,2013,9500.42000,,
200343,NPL,2014,9380.26400,,
200343,NPL,2015,9269.84100,,
200343,NPL,2016,9163.20300,,
200343,NPL,2017,9075.40400,,
200343,NPL,2018,8996.02200,,
200343,NPL,2019,8916.58000,,
200343,NPL,2020,8849.44900,,
200343,NPL,2021,8827.74700,,
200343,NPL,2022,8827.92100,,
200343,NPL,2023,8818.95900,,
200345,NPL,1970,4562.90400,,
200345,NPL,1971,4659.82800,,
200345,NPL,1972,4755.33900,,
200345,NPL,1973,4861.23600,,
200345,NPL,1974,4975.57200,,
200345,NPL,1975,5083.47500,,
200345,NPL,1976,5194.48400,,
200345,NPL,1977,5303.74200,,
200345,NPL,1978,5425.70300,,
200345,NPL,1979,5550.14300,,
200345,NPL,1980,5676.59200,,
200345,NPL,1981,5808.04300,,
200345,NPL,1982,5936.11200,,
200345,NPL,1983,6066.79600,,
200345,NPL,1984,6203.44800,,
200345,NPL,1985,6332.62800,,
200345,NPL,1986,6461.65200,,
200345,NPL,1987,6586.62900,,
200345,NPL,1988,6702.86800,,
200345,NPL,1989,6827.19000,,
200345,NPL,1990,6972.66900,,
200345,NPL,1991,7145.95500,,
200345,NPL,1992,7337.26700,,
200345,NPL,1993,7576.69100,,
200345,NPL,1994,7760.51100,,
200345,NPL,1995,7957.34500,,
200345,NPL,1996,8127.51200,,
200345,NPL,1997,8299.74900,,
200345,NPL,1998,8471.70300,,
200345,NPL,1999,8640.01100,,
200345,NPL,2000,8807.83700,,
200345,NPL,2001,8966.11800,,
200345,NPL,2002,9130.79800,,
200345,NPL,2003,9313.63600,,
200345,NPL,2004,9495.85000,,
200345,NPL,2005,9671.04700,,
200345,NPL,2006,9829.63000,,
200345,NPL,2007,9975.29800,,
200345,NPL,2008,10117.95700,,
200345,NPL,2009,10255.75900,,
200345,NPL,2010,10394.19300,,
200345,NPL,2011,10532.33500,,
200345,NPL,2012,10644.32600,,
200345,NPL,2013,10737.24200,,
200345,NPL,2014,10828.60800,,
200345,NPL,2015,10951.94700,,
200345,NPL,2016,11117.03500,,
200345,NPL,2017,11349.80300,,
200345,NPL,2018,11606.90700,,
200345,NPL,2019,11890.15300,,
200345,NPL,2020,12195.50400,,
200345,NPL,2021,12724.41800,,
200345,NPL,2022,13260.31500,,
200345,NPL,2023,13613.97500,,
DT.TDS.DECT.GN.ZS,NPL,1970,0.31306,,
DT.TDS.DECT.GN.ZS,NPL,1971,0.04073,,
DT.TDS.DECT.GN.ZS,NPL,1972,0.04288,,
DT.TDS.DECT.GN.ZS,NPL,1973,0.06504,,
DT.TDS.DECT.GN.ZS,NPL,1974,0.07774,,
DT.TDS.DECT.GN.ZS,NPL,1975,0.11666,,
DT.TDS.DECT.GN.ZS,NPL,1976,0.12967,,
DT.TDS.DECT.GN.ZS,NPL,1977,0.33424,,
DT.TDS.DECT.GN.ZS,NPL,1978,0.79740,,
DT.TDS.DECT.GN.ZS,NPL,1979,0.35018,,
DT.TDS.DECT.GN.ZS,NPL,1980,0.39833,,
DT.TDS.DECT.GN.ZS,NPL,1981,0.50554,,
DT.TDS.DECT.GN.ZS,NPL,1982,0.75593,,
DT.TDS.DECT.GN.ZS,NPL,1983,0.79607,,
DT.TDS.DECT.GN.ZS,NPL,1984,0.72903,,
DT.TDS.DECT.GN.ZS,NPL,1985,0.86981,,
DT.TDS.DECT.GN.ZS,NPL,1986,0.95716,,
DT.TDS.DECT.GN.ZS,NPL,1987,1.17728,,
DT.TDS.DECT.GN.ZS,NPL,1988,1.37656,,
DT.TDS.DECT.GN.ZS,NPL,1989,1.75695,,
DT.TDS.DECT.GN.ZS,NPL,1990,1.84346,,
DT.TDS.DECT.GN.ZS,NPL,1991,1.60395,,
DT.TDS.DECT.GN.ZS,NPL,1992,1.86299,,
DT.TDS.DECT.GN.ZS,NPL,1993,1.80084,,
DT.TDS.DECT.GN.ZS,NPL,1994,1.93743,,
DT.TDS.DECT.GN.ZS,NPL,1995,1.92587,,
DT.TDS.DECT.GN.ZS,NPL,1996,1.72994,,
DT.TDS.DECT.GN.ZS,NPL,1997,1.87404,,
DT.TDS.DECT.GN.ZS,NPL,1998,1.81716,,
DT.TDS.DECT.GN.ZS,NPL,1999,2.14341,,
DT.TDS.DECT.GN.ZS,NPL,2000,1.86590,,
DT.TDS.DECT.GN.ZS,NPL,2001,1.57150,,
DT.TDS.DECT.GN.ZS,NPL,2002,1.69352,,
DT.TDS.DECT.GN.ZS,NPL,2003,1.82960,,
DT.TDS.DECT.GN.ZS,NPL,2004,1.63605,,
DT.TDS.DECT.GN.ZS,NPL,2005,1.47584,,
DT.TDS.DECT.GN.ZS,NPL,2006,1.55805,,
DT.TDS.DECT.GN.ZS,NPL,2007,1.41204,,
DT.TDS.DECT.GN.ZS,NPL,2008,1.29395,,
DT.TDS.DECT.GN.ZS,NPL,2009,1.35843,,
DT.TDS.DECT.GN.ZS,NPL,2010,1.16635,,
DT.TDS.DECT.GN.ZS,NPL,2011,0.91011,,
DT.TDS.DECT.GN.ZS,NPL,2012,1.02163,,
DT.TDS.DECT.GN.ZS,NPL,2013,0.99337,,
DT.TDS.DECT.GN.ZS,NPL,2014,0.98838,,
DT.TDS.DECT.GN.ZS,NPL,2015,0.91615,,
DT.TDS.DECT.GN.ZS,NPL,2016,0.96364,,
DT.TDS.DECT.GN.ZS,NPL,2017,0.86710,,
DT.TDS.DECT.GN.ZS,NPL,2018,0.73290,,
DT.TDS.DECT.GN.ZS,NPL,2019,0.81908,,
DT.TDS.DECT.GN.ZS,NPL,2020,0.81279,,
DT.TDS.DECT.GN.ZS,NPL,2021,0.75429,,
NY.GDP.DEFL.ZS,NPL,1970,2.71001,,
NY.GDP.DEFL.ZS,NPL,1971,2.79598,,
NY.GDP.DEFL.ZS,NPL,1972,3.14555,,
NY.GDP.DEFL.ZS,NPL,1973,3.03869,,
NY.GDP.DEFL.ZS,NPL,1974,3.67151,,
NY.GDP.DEFL.ZS,NPL,1975,4.68201,,
NY.GDP.DEFL.ZS,NPL,1976,4.70749,,
NY.GDP.DEFL.ZS,NPL,1977,4.53967,,
NY.GDP.DEFL.ZS,NPL,1978,4.96509,,
NY.GDP.DEFL.ZS,NPL,1979,5.46053,,
NY.GDP.DEFL.ZS,NPL,1980,5.87605,,
NY.GDP.DEFL.ZS,NPL,1981,6.34245,,
NY.GDP.DEFL.ZS,NPL,1982,6.93531,,
NY.GDP.DEFL.ZS,NPL,1983,7.78757,,
NY.GDP.DEFL.ZS,NPL,1984,8.28425,,
NY.GDP.DEFL.ZS,NPL,1985,9.23047,,
NY.GDP.DEFL.ZS,NPL,1986,10.55897,,
NY.GDP.DEFL.ZS,NPL,1987,11.89962,,
NY.GDP.DEFL.ZS,NPL,1988,13.30560,,
NY.GDP.DEFL.ZS,NPL,1989,14.80359,,
NY.GDP.DEFL.ZS,NPL,1990,16.38993,,
NY.GDP.DEFL.ZS,NPL,1991,18.44599,,
NY.GDP.DEFL.ZS,NPL,1992,21.85648,,
NY.GDP.DEFL.ZS,NPL,1993,24.21150,,
NY.GDP.DEFL.ZS,NPL,1994,25.37752,,
NY.GDP.DEFL.ZS,NPL,1995,26.97652,,
NY.GDP.DEFL.ZS,NPL,1996,29.08690,,
NY.GDP.DEFL.ZS,NPL,1997,31.20417,,
NY.GDP.DEFL.ZS,NPL,1998,32.48599,,
NY.GDP.DEFL.ZS,NPL,1999,35.37303,,
NY.GDP.DEFL.ZS,NPL,2000,36.95507,,
NY.GDP.DEFL.ZS,NPL,2001,41.02646,,
NY.GDP.DEFL.ZS,NPL,2002,42.64080,,
NY.GDP.DEFL.ZS,NPL,2003,43.95000,,
NY.GDP.DEFL.ZS,NPL,2004,45.78114,,
NY.GDP.DEFL.ZS,NPL,2005,48.58267,,
NY.GDP.DEFL.ZS,NPL,2006,52.15837,,
NY.GDP.DEFL.ZS,NPL,2007,56.12413,,
NY.GDP.DEFL.ZS,NPL,2008,59.27822,,
NY.GDP.DEFL.ZS,NPL,2009,68.70840,,
NY.GDP.DEFL.ZS,NPL,2010,79.11561,,
NY.GDP.DEFL.ZS,NPL,2011,100,,
NY.GDP.DEFL.ZS,NPL,2012,107.74115,,
NY.GDP.DEFL.ZS,NPL,2013,115.37208,,
NY.GDP.DEFL.ZS,NPL,2014,124.64265,,
NY.GDP.DEFL.ZS,NPL,2015,130.13820,,
NY.GDP.DEFL.ZS,NPL,2016,139.44352,,
NY.GDP.DEFL.ZS,NPL,2017,150.96352,,
NY.GDP.DEFL.ZS,NPL,2018,157.53928,,
NY.GDP.DEFL.ZS,NPL,2019,164.92969,,
NY.GDP.DEFL.ZS,NPL,2020,170.23614,,
NY.GDP.DEFL.ZS,NPL,2021,181.74872,,
NY.GDP.DEFL.ZS,NPL,2022,195.06612,,
NY.GDP.MKTP.CD,NPL,1970,865975307.77600,,
NY.GDP.MKTP.CD,NPL,1971,882765470.72217,,
NY.GDP.MKTP.CD,NPL,1972,1024098397.79931,,
NY.GDP.MKTP.CD,NPL,1973,972101724.99537,,
NY.GDP.MKTP.CD,NPL,1974,1217953546.97604,,
NY.GDP.MKTP.CD,NPL,1975,1575789254.46938,,
NY.GDP.MKTP.CD,NPL,1976,1452788944.45628,,
NY.GDP.MKTP.CD,NPL,1977,1382400000,,
NY.GDP.MKTP.CD,NPL,1978,1604162497.45945,,
NY.GDP.MKTP.CD,NPL,1979,1851250008.33333,,
NY.GDP.MKTP.CD,NPL,1980,1945916583.33333,,
NY.GDP.MKTP.CD,NPL,1981,2275583316.66667,,
NY.GDP.MKTP.CD,NPL,1982,2395423680.22852,,
NY.GDP.MKTP.CD,NPL,1983,2447174803.54051,,
NY.GDP.MKTP.CD,NPL,1984,2581207387.79709,,
NY.GDP.MKTP.CD,NPL,1985,2619913955.51556,,
NY.GDP.MKTP.CD,NPL,1986,2850782092.69387,,
NY.GDP.MKTP.CD,NPL,1987,2957255379.54315,,
NY.GDP.MKTP.CD,NPL,1988,3487009748.35638,,
NY.GDP.MKTP.CD,NPL,1989,3525225832.99053,,
NY.GDP.MKTP.CD,NPL,1990,3627560281.90505,,
NY.GDP.MKTP.CD,NPL,1991,3921476084.89072,,
NY.GDP.MKTP.CD,NPL,1992,3401211581.29176,,
NY.GDP.MKTP.CD,NPL,1993,3660041666.66667,,
NY.GDP.MKTP.CD,NPL,1994,4066775510.20408,,
NY.GDP.MKTP.CD,NPL,1995,4401104417.67068,,
NY.GDP.MKTP.CD,NPL,1996,4521580381.47139,,
NY.GDP.MKTP.CD,NPL,1997,4918691916.53516,,
NY.GDP.MKTP.CD,NPL,1998,4856255044.39064,,
NY.GDP.MKTP.CD,NPL,1999,5033642384.10596,,
NY.GDP.MKTP.CD,NPL,2000,5494252207.90502,,
NY.GDP.MKTP.CD,NPL,2001,6007055042.17687,,
NY.GDP.MKTP.CD,NPL,2002,6050875806.66403,,
NY.GDP.MKTP.CD,NPL,2003,6330473096.54071,,
NY.GDP.MKTP.CD,NPL,2004,7273938314.71988,,
NY.GDP.MKTP.CD,NPL,2005,8130258415.29215,,
NY.GDP.MKTP.CD,NPL,2006,9043715355.88810,,
NY.GDP.MKTP.CD,NPL,2007,10325618017.37900,,
NY.GDP.MKTP.CD,NPL,2008,12545438605.39590,,
NY.GDP.MKTP.CD,NPL,2009,12854985464.07640,,
NY.GDP.MKTP.CD,NPL,2010,16002656434.47460,,
NY.GDP.MKTP.CD,NPL,2011,21573872273.66950,,
NY.GDP.MKTP.CD,NPL,2012,21703100746.82060,,
NY.GDP.MKTP.CD,NPL,2013,22162205045.97310,,
NY.GDP.MKTP.CD,NPL,2014,22731612827.34580,,
NY.GDP.MKTP.CD,NPL,2015,24360801338.05430,,
NY.GDP.MKTP.CD,NPL,2016,24524109484.74530,,
NY.GDP.MKTP.CD,NPL,2017,28971588880.82080,,
NY.GDP.MKTP.CD,NPL,2018,33111525182.71330,,
NY.GDP.MKTP.CD,NPL,2019,34186180694.92850,,
NY.GDP.MKTP.CD,NPL,2020,33433659223.17890,,
NY.GDP.MKTP.CD,NPL,2021,36924841430.05740,,
NY.GDP.MKTP.CD,NPL,2022,40828247302.48510,,
NY.GDP.MKTP.CN,NPL,1970,8768000000,,
NY.GDP.MKTP.CN,NPL,1971,8938000400,,
NY.GDP.MKTP.CN,NPL,1972,10369000400,,
NY.GDP.MKTP.CN,NPL,1973,9969000400,,
NY.GDP.MKTP.CN,NPL,1974,12807999500,,
NY.GDP.MKTP.CN,NPL,1975,16570999800,,
NY.GDP.MKTP.CN,NPL,1976,17393999900,,
NY.GDP.MKTP.CN,NPL,1977,17280000000,,
NY.GDP.MKTP.CN,NPL,1978,19732000800,,
NY.GDP.MKTP.CN,NPL,1979,22215000100,,
NY.GDP.MKTP.CN,NPL,1980,23350999000,,
NY.GDP.MKTP.CN,NPL,1981,27306999800,,
NY.GDP.MKTP.CN,NPL,1982,30987999200,,
NY.GDP.MKTP.CN,NPL,1983,33760000000,,
NY.GDP.MKTP.CN,NPL,1984,39389999100,,
NY.GDP.MKTP.CN,NPL,1985,46586000000,,
NY.GDP.MKTP.CN,NPL,1986,55724000000,,
NY.GDP.MKTP.CN,NPL,1987,63864000000,,
NY.GDP.MKTP.CN,NPL,1988,76906000000,,
NY.GDP.MKTP.CN,NPL,1989,89269000000,,
NY.GDP.MKTP.CN,NPL,1990,103416000000,,
NY.GDP.MKTP.CN,NPL,1991,123801000000,,
NY.GDP.MKTP.CN,NPL,1992,152714400000,,
NY.GDP.MKTP.CN,NPL,1993,175682000000,,
NY.GDP.MKTP.CN,NPL,1994,199272000000,,
NY.GDP.MKTP.CN,NPL,1995,219175000000,,
NY.GDP.MKTP.CN,NPL,1996,248913000000,,
NY.GDP.MKTP.CN,NPL,1997,280513000000,,
NY.GDP.MKTP.CN,NPL,1998,300845000000,,
NY.GDP.MKTP.CN,NPL,1999,342036000000,,
NY.GDP.MKTP.CN,NPL,2000,379488000000,,
NY.GDP.MKTP.CN,NPL,2001,441518545600,,
NY.GDP.MKTP.CN,NPL,2002,459443000000,,
NY.GDP.MKTP.CN,NPL,2003,492231000000,,
NY.GDP.MKTP.CN,NPL,2004,536749000000,,
NY.GDP.MKTP.CN,NPL,2005,589412000000,,
NY.GDP.MKTP.CN,NPL,2006,654084000000,,
NY.GDP.MKTP.CN,NPL,2007,727827000000,,
NY.GDP.MKTP.CN,NPL,2008,815658000000,,
NY.GDP.MKTP.CN,NPL,2009,988272000000,,
NY.GDP.MKTP.CN,NPL,2010,1192774000000,,
NY.GDP.MKTP.CN,NPL,2011,1559222569194.33010,,
NY.GDP.MKTP.CN,NPL,2012,1758379177857.45000,,
NY.GDP.MKTP.CN,NPL,2013,1949294818504.56010,,
NY.GDP.MKTP.CN,NPL,2014,2232525283527.75980,,
NY.GDP.MKTP.CN,NPL,2015,2423638482847.99020,,
NY.GDP.MKTP.CN,NPL,2016,2608184437723.87010,,
NY.GDP.MKTP.CN,NPL,2017,3077144919308.96000,,
NY.GDP.MKTP.CN,NPL,2018,3455949289833.43020,,
NY.GDP.MKTP.CN,NPL,2019,3858930402385.37010,,
NY.GDP.MKTP.CN,NPL,2020,3888703650913.83010,,
NY.GDP.MKTP.CN,NPL,2021,4352550240995.39010,,
NY.GDP.MKTP.CN,NPL,2022,4933696581291.67970,,
NY.GDP.MKTP.KD,NPL,1970,4232120446.76646,,
NY.GDP.MKTP.KD,NPL,1971,4181530385.61032,,
NY.GDP.MKTP.KD,NPL,1972,4311902155.19559,,
NY.GDP.MKTP.KD,NPL,1973,4291354377.59128,,
NY.GDP.MKTP.KD,NPL,1974,4563151185.28622,,
NY.GDP.MKTP.KD,NPL,1975,4629612145.72751,,
NY.GDP.MKTP.KD,NPL,1976,4833247310.88150,,
NY.GDP.MKTP.KD,NPL,1977,4979065098.64800,,
NY.GDP.MKTP.KD,NPL,1978,5198429830.49839,,
NY.GDP.MKTP.KD,NPL,1979,5321574280.45887,,
NY.GDP.MKTP.KD,NPL,1980,5198145994.97678,,
NY.GDP.MKTP.KD,NPL,1981,5631773989.39331,,
NY.GDP.MKTP.KD,NPL,1982,5844619828.10560,,
NY.GDP.MKTP.KD,NPL,1983,5670601774.99966,,
NY.GDP.MKTP.KD,NPL,1984,6219580105.52050,,
NY.GDP.MKTP.KD,NPL,1985,6601767409.15843,,
NY.GDP.MKTP.KD,NPL,1986,6903181038.89308,,
NY.GDP.MKTP.KD,NPL,1987,7020232637.50525,,
NY.GDP.MKTP.KD,NPL,1988,7560566514.68631,,
NY.GDP.MKTP.KD,NPL,1989,7887912426.50214,,
NY.GDP.MKTP.KD,NPL,1990,8253520034.48363,,
NY.GDP.MKTP.KD,NPL,1991,8779116603.35800,,
NY.GDP.MKTP.KD,NPL,1992,9139622828.50024,,
NY.GDP.MKTP.KD,NPL,1993,9491484600.36659,,
NY.GDP.MKTP.KD,NPL,1994,10271305230.73510,,
NY.GDP.MKTP.KD,NPL,1995,10627560511.45630,,
NY.GDP.MKTP.KD,NPL,1996,11193827136.38600,,
NY.GDP.MKTP.KD,NPL,1997,11758960097.47860,,
NY.GDP.MKTP.KD,NPL,1998,12113656132.27470,,
NY.GDP.MKTP.KD,NPL,1999,12648180086.04870,,
NY.GDP.MKTP.KD,NPL,2000,13432367249.09720,,
NY.GDP.MKTP.KD,NPL,2001,14077106389.24560,,
NY.GDP.MKTP.KD,NPL,2002,14094019072.14330,,
NY.GDP.MKTP.KD,NPL,2003,14650033446.51300,,
NY.GDP.MKTP.KD,NPL,2004,15336036389.02960,,
NY.GDP.MKTP.KD,NPL,2005,15869604860.63640,,
NY.GDP.MKTP.KD,NPL,2006,16403555931.39420,,
NY.GDP.MKTP.KD,NPL,2007,16963173130.02490,,
NY.GDP.MKTP.KD,NPL,2008,17998713636.93990,,
NY.GDP.MKTP.KD,NPL,2009,18814609495.52650,,
NY.GDP.MKTP.KD,NPL,2010,19720799103.03460,,
NY.GDP.MKTP.KD,NPL,2011,20395607122.60670,,
NY.GDP.MKTP.KD,NPL,2012,21348110921.32800,,
NY.GDP.MKTP.KD,NPL,2013,22100664531.02180,,
NY.GDP.MKTP.KD,NPL,2014,23429242187.00860,,
NY.GDP.MKTP.KD,NPL,2015,24360801338.05430,,
NY.GDP.MKTP.KD,NPL,2016,24466311310.40980,,
NY.GDP.MKTP.KD,NPL,2017,26662720424.41680,,
NY.GDP.MKTP.KD,NPL,2018,28695053255.70550,,
NY.GDP.MKTP.KD,NPL,2019,30605298856.04010,,
NY.GDP.MKTP.KD,NPL,2020,29880069381.53660,,
NY.GDP.MKTP.KD,NPL,2021,31325711842.76180,,
NY.GDP.MKTP.KD,NPL,2022,33084084558.83030,,
NY.GDP.MKTP.KD.ZG,NPL,1970,2.57599,,
NY.GDP.MKTP.KD.ZG,NPL,1971,-1.19538,,
NY.GDP.MKTP.KD.ZG,NPL,1972,3.11780,,
NY.GDP.MKTP.KD.ZG,NPL,1973,-0.47654,,
NY.GDP.MKTP.KD.ZG,NPL,1974,6.33359,,
NY.GDP.MKTP.KD.ZG,NPL,1975,1.45647,,
NY.GDP.MKTP.KD.ZG,NPL,1976,4.39854,,
NY.GDP.MKTP.KD.ZG,NPL,1977,3.01697,,
NY.GDP.MKTP.KD.ZG,NPL,1978,4.40574,,
NY.GDP.MKTP.KD.ZG,NPL,1979,2.36888,,
NY.GDP.MKTP.KD.ZG,NPL,1980,-2.31939,,
NY.GDP.MKTP.KD.ZG,NPL,1981,8.34197,,
NY.GDP.MKTP.KD.ZG,NPL,1982,3.77937,,
NY.GDP.MKTP.KD.ZG,NPL,1983,-2.97741,,
NY.GDP.MKTP.KD.ZG,NPL,1984,9.68113,,
NY.GDP.MKTP.KD.ZG,NPL,1985,6.14491,,
NY.GDP.MKTP.KD.ZG,NPL,1986,4.56565,,
NY.GDP.MKTP.KD.ZG,NPL,1987,1.69562,,
NY.GDP.MKTP.KD.ZG,NPL,1988,7.69681,,
NY.GDP.MKTP.KD.ZG,NPL,1989,4.32965,,
NY.GDP.MKTP.KD.ZG,NPL,1990,4.63504,,
NY.GDP.MKTP.KD.ZG,NPL,1991,6.36815,,
NY.GDP.MKTP.KD.ZG,NPL,1992,4.10641,,
NY.GDP.MKTP.KD.ZG,NPL,1993,3.84985,,
NY.GDP.MKTP.KD.ZG,NPL,1994,8.21600,,
NY.GDP.MKTP.KD.ZG,NPL,1995,3.46845,,
NY.GDP.MKTP.KD.ZG,NPL,1996,5.32828,,
NY.GDP.MKTP.KD.ZG,NPL,1997,5.04861,,
NY.GDP.MKTP.KD.ZG,NPL,1998,3.01639,,
NY.GDP.MKTP.KD.ZG,NPL,1999,4.41257,,
NY.GDP.MKTP.KD.ZG,NPL,2000,6.20000,,
NY.GDP.MKTP.KD.ZG,NPL,2001,4.79989,,
NY.GDP.MKTP.KD.ZG,NPL,2002,0.12014,,
NY.GDP.MKTP.KD.ZG,NPL,2003,3.94504,,
NY.GDP.MKTP.KD.ZG,NPL,2004,4.68260,,
NY.GDP.MKTP.KD.ZG,NPL,2005,3.47918,,
NY.GDP.MKTP.KD.ZG,NPL,2006,3.36461,,
NY.GDP.MKTP.KD.ZG,NPL,2007,3.41156,,
NY.GDP.MKTP.KD.ZG,NPL,2008,6.10464,,
NY.GDP.MKTP.KD.ZG,NPL,2009,4.53308,,
NY.GDP.MKTP.KD.ZG,NPL,2010,4.81641,,
NY.GDP.MKTP.KD.ZG,NPL,2011,3.42181,,
NY.GDP.MKTP.KD.ZG,NPL,2012,4.67014,,
NY.GDP.MKTP.KD.ZG,NPL,2013,3.52515,,
NY.GDP.MKTP.KD.ZG,NPL,2014,6.01148,,
NY.GDP.MKTP.KD.ZG,NPL,2015,3.97605,,
NY.GDP.MKTP.KD.ZG,NPL,2016,0.43311,,
NY.GDP.MKTP.KD.ZG,NPL,2017,8.97728,,
NY.GDP.MKTP.KD.ZG,NPL,2018,7.62238,,
NY.GDP.MKTP.KD.ZG,NPL,2019,6.65706,,
NY.GDP.MKTP.KD.ZG,NPL,2020,-2.36962,,
NY.GDP.MKTP.KD.ZG,NPL,2021,4.83815,,
NY.GDP.MKTP.KD.ZG,NPL,2022,5.61319,,
NY.GDP.MKTP.KN,NPL,1970,323541127090.68903,,
NY.GDP.MKTP.KN,NPL,1971,319673570481.20001,,
NY.GDP.MKTP.KN,NPL,1972,329640354225.42297,,
NY.GDP.MKTP.KN,NPL,1973,328069498384.02399,,
NY.GDP.MKTP.KN,NPL,1974,348848076547.71002,,
NY.GDP.MKTP.KN,NPL,1975,353928946603.08301,,
NY.GDP.MKTP.KN,NPL,1976,369496639365.59802,,
NY.GDP.MKTP.KN,NPL,1977,380644254845.18402,,
NY.GDP.MKTP.KN,NPL,1978,397414456326.81897,,
NY.GDP.MKTP.KN,NPL,1979,406828719138.17603,,
NY.GDP.MKTP.KN,NPL,1980,397392757401.72400,,
NY.GDP.MKTP.KN,NPL,1981,430543158439.76398,,
NY.GDP.MKTP.KN,NPL,1982,446814997443.34302,,
NY.GDP.MKTP.KN,NPL,1983,433511501537.63397,,
NY.GDP.MKTP.KN,NPL,1984,475480313635.31097,,
NY.GDP.MKTP.KN,NPL,1985,504698128329.89099,,
NY.GDP.MKTP.KN,NPL,1986,527740881179.55402,,
NY.GDP.MKTP.KN,NPL,1987,536689351956.58099,,
NY.GDP.MKTP.KN,NPL,1988,577997304749.37402,,
NY.GDP.MKTP.KN,NPL,1989,603022553106.45801,,
NY.GDP.MKTP.KN,NPL,1990,630972867623.05896,,
NY.GDP.MKTP.KN,NPL,1991,671154168800,,
NY.GDP.MKTP.KN,NPL,1992,698714488000,,
NY.GDP.MKTP.KN,NPL,1993,725613947900,,
NY.GDP.MKTP.KN,NPL,1994,785230409400,,
NY.GDP.MKTP.KN,NPL,1995,812465748400,,
NY.GDP.MKTP.KN,NPL,1996,855756232300,,
NY.GDP.MKTP.KN,NPL,1997,898960048800,,
NY.GDP.MKTP.KN,NPL,1998,926076185100,,
NY.GDP.MKTP.KN,NPL,1999,966939975400,,
NY.GDP.MKTP.KN,NPL,2000,1026890253700,,
NY.GDP.MKTP.KN,NPL,2001,1076179878300,,
NY.GDP.MKTP.KN,NPL,2002,1077472835000,,
NY.GDP.MKTP.KN,NPL,2003,1119979545200,,
NY.GDP.MKTP.KN,NPL,2004,1172423743800,,
NY.GDP.MKTP.KN,NPL,2005,1213214488500,,
NY.GDP.MKTP.KN,NPL,2006,1254034482500,,
NY.GDP.MKTP.KN,NPL,2007,1296816624800,,
NY.GDP.MKTP.KN,NPL,2008,1375982600100,,
NY.GDP.MKTP.KN,NPL,2009,1438356974600,,
NY.GDP.MKTP.KN,NPL,2010,1507634210600,,
NY.GDP.MKTP.KN,NPL,2011,1559222569194.33010,,
NY.GDP.MKTP.KN,NPL,2012,1632040476074.06010,,
NY.GDP.MKTP.KN,NPL,2013,1689572402714.40990,,
NY.GDP.MKTP.KN,NPL,2014,1791140757786.61010,,
NY.GDP.MKTP.KN,NPL,2015,1862357468528.21000,,
NY.GDP.MKTP.KN,NPL,2016,1870423594198.45000,,
NY.GDP.MKTP.KN,NPL,2017,2038336745356.76000,,
NY.GDP.MKTP.KN,NPL,2018,2193706438428.92990,,
NY.GDP.MKTP.KN,NPL,2019,2339742691963.37010,,
NY.GDP.MKTP.KN,NPL,2020,2284299666526.91020,,
NY.GDP.MKTP.KN,NPL,2021,2394817502008.72020,,
NY.GDP.MKTP.KN,NPL,2022,2529243234347.46000,,
NY.GDP.MKTP.PP.CD,NPL,1990,16195204674.97880,,
NY.GDP.MKTP.PP.CD,NPL,1991,17809100161.95730,,
NY.GDP.MKTP.PP.CD,NPL,1992,18962933643.11180,,
NY.GDP.MKTP.PP.CD,NPL,1993,20159768606.92270,,
NY.GDP.MKTP.PP.CD,NPL,1994,22281961819.62980,,
NY.GDP.MKTP.PP.CD,NPL,1995,23538237235.18360,,
NY.GDP.MKTP.PP.CD,NPL,1996,25246362674.77440,,
NY.GDP.MKTP.PP.CD,NPL,1997,26978289338.47060,,
NY.GDP.MKTP.PP.CD,NPL,1998,28104868450.05820,,
NY.GDP.MKTP.PP.CD,NPL,1999,29758555948.80300,,
NY.GDP.MKTP.PP.CD,NPL,2000,32319580728,,
NY.GDP.MKTP.PP.CD,NPL,2001,34633980663.17610,,
NY.GDP.MKTP.PP.CD,NPL,2002,35216020998.51430,,
NY.GDP.MKTP.PP.CD,NPL,2003,37327748400.21910,,
NY.GDP.MKTP.PP.CD,NPL,2004,40124608886.57420,,
NY.GDP.MKTP.PP.CD,NPL,2005,42822630164.99280,,
NY.GDP.MKTP.PP.CD,NPL,2006,45629232065.55470,,
NY.GDP.MKTP.PP.CD,NPL,2007,48461112329.17150,,
NY.GDP.MKTP.PP.CD,NPL,2008,52405679686.23760,,
NY.GDP.MKTP.PP.CD,NPL,2009,55132393547.86540,,
NY.GDP.MKTP.PP.CD,NPL,2010,58482287145.49210,,
NY.GDP.MKTP.PP.CD,NPL,2011,61740111909.40640,,
NY.GDP.MKTP.PP.CD,NPL,2012,67618420433.46680,,
NY.GDP.MKTP.PP.CD,NPL,2013,72735235363.27831,,
NY.GDP.MKTP.PP.CD,NPL,2014,79300444355.34441,,
NY.GDP.MKTP.PP.CD,NPL,2015,80942994654.23300,,
NY.GDP.MKTP.PP.CD,NPL,2016,81508795259.81039,,
NY.GDP.MKTP.PP.CD,NPL,2017,98515977279.28281,,
NY.GDP.MKTP.PP.CD,NPL,2018,108574144380.32899,,
NY.GDP.MKTP.PP.CD,NPL,2019,117879392488.11099,,
NY.GDP.MKTP.PP.CD,NPL,2020,116587870475.53300,,
NY.GDP.MKTP.PP.CD,NPL,2021,127720041606.79100,,
NY.GDP.MKTP.PP.CD,NPL,2022,144338575405.97198,,
NY.GDP.MKTP.PP.KD,NPL,1990,30495897614.65910,,
NY.GDP.MKTP.PP.KD,NPL,1991,32437922239.79370,,
NY.GDP.MKTP.PP.KD,NPL,1992,33769955225.16860,,
NY.GDP.MKTP.PP.KD,NPL,1993,35070047855.28480,,
NY.GDP.MKTP.PP.KD,NPL,1994,37951403931.49940,,
NY.GDP.MKTP.PP.KD,NPL,1995,39267730119.61800,,
NY.GDP.MKTP.PP.KD,NPL,1996,41360026369.49760,,
NY.GDP.MKTP.PP.KD,NPL,1997,43448133849.47500,,
NY.GDP.MKTP.PP.KD,NPL,1998,44758698786.16570,,
NY.GDP.MKTP.PP.KD,NPL,1999,46733709169.46500,,
NY.GDP.MKTP.PP.KD,NPL,2000,49631199129.52350,,
NY.GDP.MKTP.PP.KD,NPL,2001,52013443156.79680,,
NY.GDP.MKTP.PP.KD,NPL,2002,52075933760.06470,,
NY.GDP.MKTP.PP.KD,NPL,2003,54130349011.03800,,
NY.GDP.MKTP.PP.KD,NPL,2004,56665058493.89310,,
NY.GDP.MKTP.PP.KD,NPL,2005,58636538470.01790,,
NY.GDP.MKTP.PP.KD,NPL,2006,60609432110.19050,,
NY.GDP.MKTP.PP.KD,NPL,2007,62677159421.87570,,
NY.GDP.MKTP.PP.KD,NPL,2008,66503373830.12460,,
NY.GDP.MKTP.PP.KD,NPL,2009,69518024120.39150,,
NY.GDP.MKTP.PP.KD,NPL,2010,72866300416.39330,,
NY.GDP.MKTP.PP.KD,NPL,2011,75359645823.98190,,
NY.GDP.MKTP.PP.KD,NPL,2012,78879048236.77260,,
NY.GDP.MKTP.PP.KD,NPL,2013,81659655509.17011,,
NY.GDP.MKTP.PP.KD,NPL,2014,86568611687.96660,,
NY.GDP.MKTP.PP.KD,NPL,2015,90010625807.22670,,
NY.GDP.MKTP.PP.KD,NPL,2016,90400474175.05470,,
NY.GDP.MKTP.PP.KD,NPL,2017,98515977279.28281,,
NY.GDP.MKTP.PP.KD,NPL,2018,106025235593.66800,,
NY.GDP.MKTP.PP.KD,NPL,2019,113083394294.83600,,
NY.GDP.MKTP.PP.KD,NPL,2020,110403746858.44701,,
NY.GDP.MKTP.PP.KD,NPL,2021,115745245310.10500,,
NY.GDP.MKTP.PP.KD,NPL,2022,122242249508.75000,,
NY.GDP.PCAP.CD,NPL,1970,69.27090,,
NY.GDP.PCAP.CD,NPL,1971,69.10172,,
NY.GDP.PCAP.CD,NPL,1972,78.46163,,
NY.GDP.PCAP.CD,NPL,1973,72.89325,,
NY.GDP.PCAP.CD,NPL,1974,89.38255,,
NY.GDP.PCAP.CD,NPL,1975,113.15821,,
NY.GDP.PCAP.CD,NPL,1976,102.08810,,
NY.GDP.PCAP.CD,NPL,1977,95.00750,,
NY.GDP.PCAP.CD,NPL,1978,107.74312,,
NY.GDP.PCAP.CD,NPL,1979,121.48454,,
NY.GDP.PCAP.CD,NPL,1980,124.73471,,
NY.GDP.PCAP.CD,NPL,1981,142.49298,,
NY.GDP.PCAP.CD,NPL,1982,146.53487,,
NY.GDP.PCAP.CD,NPL,1983,146.18147,,
NY.GDP.PCAP.CD,NPL,1984,150.58139,,
NY.GDP.PCAP.CD,NPL,1985,149.36309,,
NY.GDP.PCAP.CD,NPL,1986,158.93370,,
NY.GDP.PCAP.CD,NPL,1987,161.36759,,
NY.GDP.PCAP.CD,NPL,1988,186.26448,,
NY.GDP.PCAP.CD,NPL,1989,184.13224,,
NY.GDP.PCAP.CD,NPL,1990,184.92365,,
NY.GDP.PCAP.CD,NPL,1991,194.80002,,
NY.GDP.PCAP.CD,NPL,1992,164.29281,,
NY.GDP.PCAP.CD,NPL,1993,172.09667,,
NY.GDP.PCAP.CD,NPL,1994,186.59426,,
NY.GDP.PCAP.CD,NPL,1995,197.30965,,
NY.GDP.PCAP.CD,NPL,1996,198.45447,,
NY.GDP.PCAP.CD,NPL,1997,211.56195,,
NY.GDP.PCAP.CD,NPL,1998,204.87651,,
NY.GDP.PCAP.CD,NPL,1999,208.49147,,
NY.GDP.PCAP.CD,NPL,2000,223.71189,,
NY.GDP.PCAP.CD,NPL,2001,240.70516,,
NY.GDP.PCAP.CD,NPL,2002,238.86125,,
NY.GDP.PCAP.CD,NPL,2003,246.48584,,
NY.GDP.PCAP.CD,NPL,2004,279.72420,,
NY.GDP.PCAP.CD,NPL,2005,309.31042,,
NY.GDP.PCAP.CD,NPL,2006,341.02814,,
NY.GDP.PCAP.CD,NPL,2007,386.52959,,
NY.GDP.PCAP.CD,NPL,2008,466.69338,,
NY.GDP.PCAP.CD,NPL,2009,475.63598,,
NY.GDP.PCAP.CD,NPL,2010,589.16543,,
NY.GDP.PCAP.CD,NPL,2011,791.22558,,
NY.GDP.PCAP.CD,NPL,2012,794.09256,,
NY.GDP.PCAP.CD,NPL,2013,809.38446,,
NY.GDP.PCAP.CD,NPL,2014,827.74470,,
NY.GDP.PCAP.CD,NPL,2015,882.30766,,
NY.GDP.PCAP.CD,NPL,2016,880.22489,,
NY.GDP.PCAP.CD,NPL,2017,1027.96547,,
NY.GDP.PCAP.CD,NPL,2018,1161.53435,,
NY.GDP.PCAP.CD,NPL,2019,1185.68232,,
NY.GDP.PCAP.CD,NPL,2020,1139.18989,,
NY.GDP.PCAP.CD,NPL,2021,1229.39421,,
NY.GDP.PCAP.CD,NPL,2022,1336.54605,,
NY.GDP.PCAP.CN,NPL,1970,701.36790,,
NY.GDP.PCAP.CN,NPL,1971,699.65490,,
NY.GDP.PCAP.CN,NPL,1972,794.42427,,
NY.GDP.PCAP.CN,NPL,1973,747.52760,,
NY.GDP.PCAP.CN,NPL,1974,939.94691,,
NY.GDP.PCAP.CN,NPL,1975,1189.97171,,
NY.GDP.PCAP.CN,NPL,1976,1222.28376,,
NY.GDP.PCAP.CN,NPL,1977,1187.59377,,
NY.GDP.PCAP.CN,NPL,1978,1325.29422,,
NY.GDP.PCAP.CN,NPL,1979,1457.81454,,
NY.GDP.PCAP.CN,NPL,1980,1496.81650,,
NY.GDP.PCAP.CN,NPL,1981,1709.91581,,
NY.GDP.PCAP.CN,NPL,1982,1895.62392,,
NY.GDP.PCAP.CN,NPL,1983,2016.64641,,
NY.GDP.PCAP.CN,NPL,1984,2297.91712,,
NY.GDP.PCAP.CN,NPL,1985,2655.89986,,
NY.GDP.PCAP.CN,NPL,1986,3106.66387,,
NY.GDP.PCAP.CN,NPL,1987,3484.84607,,
NY.GDP.PCAP.CN,NPL,1988,4108.06301,,
NY.GDP.PCAP.CN,NPL,1989,4662.76526,,
NY.GDP.PCAP.CN,NPL,1990,5271.88040,,
NY.GDP.PCAP.CN,NPL,1991,6149.83653,,
NY.GDP.PCAP.CN,NPL,1992,7376.74712,,
NY.GDP.PCAP.CN,NPL,1993,8260.64017,,
NY.GDP.PCAP.CN,NPL,1994,9143.11891,,
NY.GDP.PCAP.CN,NPL,1995,9826.02059,,
NY.GDP.PCAP.CN,NPL,1996,10924.91831,,
NY.GDP.PCAP.CN,NPL,1997,12065.37781,,
NY.GDP.PCAP.CN,NPL,1998,12692.09961,,
NY.GDP.PCAP.CN,NPL,1999,14166.99564,,
NY.GDP.PCAP.CN,NPL,2000,15451.78037,,
NY.GDP.PCAP.CN,NPL,2001,17691.82920,,
NY.GDP.PCAP.CN,NPL,2002,18136.73503,,
NY.GDP.PCAP.CN,NPL,2003,19165.70351,,
NY.GDP.PCAP.CN,NPL,2004,20641.04455,,
NY.GDP.PCAP.CN,NPL,2005,22423.79811,,
NY.GDP.PCAP.CN,NPL,2006,24664.75792,,
NY.GDP.PCAP.CN,NPL,2007,27245.50422,,
NY.GDP.PCAP.CN,NPL,2008,30342.67675,,
NY.GDP.PCAP.CN,NPL,2009,36566.18039,,
NY.GDP.PCAP.CN,NPL,2010,43914.03486,,
NY.GDP.PCAP.CN,NPL,2011,57184.76317,,
NY.GDP.PCAP.CN,NPL,2012,64337.15799,,
NY.GDP.PCAP.CN,NPL,2013,71190.07005,,
NY.GDP.PCAP.CN,NPL,2014,81294.75880,,
NY.GDP.PCAP.CN,NPL,2015,87780.15046,,
NY.GDP.PCAP.CN,NPL,2016,93613.54674,,
NY.GDP.PCAP.CN,NPL,2017,109182.78421,,
NY.GDP.PCAP.CN,NPL,2018,121232.82720,,
NY.GDP.PCAP.CN,NPL,2019,133839.62326,,
NY.GDP.PCAP.CN,NPL,2020,132500.36027,,
NY.GDP.PCAP.CN,NPL,2021,144915.99251,,
NY.GDP.PCAP.CN,NPL,2022,161508.59025,,
NY.GDP.PCAP.PP.CD,NPL,1990,825.58968,,
NY.GDP.PCAP.PP.CD,NPL,1991,884.67019,,
NY.GDP.PCAP.PP.CD,NPL,1992,915.98936,,
NY.GDP.PCAP.PP.CD,NPL,1993,947.92064,,
NY.GDP.PCAP.PP.CD,NPL,1994,1022.35450,,
NY.GDP.PCAP.PP.CD,NPL,1995,1055.26271,,
NY.GDP.PCAP.PP.CD,NPL,1996,1108.07571,,
NY.GDP.PCAP.PP.CD,NPL,1997,1160.38563,,
NY.GDP.PCAP.PP.CD,NPL,1998,1185.69293,,
NY.GDP.PCAP.PP.CD,NPL,1999,1232.58760,,
NY.GDP.PCAP.PP.CD,NPL,2000,1315.97063,,
NY.GDP.PCAP.PP.CD,NPL,2001,1387.79781,,
NY.GDP.PCAP.PP.CD,NPL,2002,1390.16949,,
NY.GDP.PCAP.PP.CD,NPL,2003,1453.40817,,
NY.GDP.PCAP.PP.CD,NPL,2004,1543.01888,,
NY.GDP.PCAP.PP.CD,NPL,2005,1629.15925,,
NY.GDP.PCAP.PP.CD,NPL,2006,1720.62604,,
NY.GDP.PCAP.PP.CD,NPL,2007,1814.09516,,
NY.GDP.PCAP.PP.CD,NPL,2008,1949.50408,,
NY.GDP.PCAP.PP.CD,NPL,2009,2039.90505,,
NY.GDP.PCAP.PP.CD,NPL,2010,2153.12641,,
NY.GDP.PCAP.PP.CD,NPL,2011,2264.32951,,
NY.GDP.PCAP.PP.CD,NPL,2012,2474.08355,,
NY.GDP.PCAP.PP.CD,NPL,2013,2656.35883,,
NY.GDP.PCAP.PP.CD,NPL,2014,2887.63157,,
NY.GDP.PCAP.PP.CD,NPL,2015,2931.62050,,
NY.GDP.PCAP.PP.CD,NPL,2016,2925.53215,,
NY.GDP.PCAP.PP.CD,NPL,2017,3495.52880,,
NY.GDP.PCAP.PP.CD,NPL,2018,3808.72211,,
NY.GDP.PCAP.PP.CD,NPL,2019,4088.42136,,
NY.GDP.PCAP.PP.CD,NPL,2020,3972.51532,,
NY.GDP.PCAP.PP.CD,NPL,2021,4252.37518,,
NY.GDP.PCAP.PP.CD,NPL,2022,4725.04124,,
NY.GDP.PCAP.PP.KD,NPL,1990,1554.60204,,
NY.GDP.PCAP.PP.KD,NPL,1991,1611.35951,,
NY.GDP.PCAP.PP.KD,NPL,1992,1631.23072,,
NY.GDP.PCAP.PP.KD,NPL,1993,1649.00813,,
NY.GDP.PCAP.PP.KD,NPL,1994,1741.30936,,
NY.GDP.PCAP.PP.KD,NPL,1995,1760.44496,,
NY.GDP.PCAP.PP.KD,NPL,1996,1815.31262,,
NY.GDP.PCAP.PP.KD,NPL,1997,1868.78380,,
NY.GDP.PCAP.PP.KD,NPL,1998,1888.28753,,
NY.GDP.PCAP.PP.KD,NPL,1999,1935.69172,,
NY.GDP.PCAP.PP.KD,NPL,2000,2020.85544,,
NY.GDP.PCAP.PP.KD,NPL,2001,2084.20000,,
NY.GDP.PCAP.PP.KD,NPL,2002,2055.72272,,
NY.GDP.PCAP.PP.KD,NPL,2003,2107.64097,,
NY.GDP.PCAP.PP.KD,NPL,2004,2179.09302,,
NY.GDP.PCAP.PP.KD,NPL,2005,2230.78916,,
NY.GDP.PCAP.PP.KD,NPL,2006,2285.51221,,
NY.GDP.PCAP.PP.KD,NPL,2007,2346.25922,,
NY.GDP.PCAP.PP.KD,NPL,2008,2473.94174,,
NY.GDP.PCAP.PP.KD,NPL,2009,2572.17508,,
NY.GDP.PCAP.PP.KD,NPL,2010,2682.69870,,
NY.GDP.PCAP.PP.KD,NPL,2011,2763.82832,,
NY.GDP.PCAP.PP.KD,NPL,2012,2886.09752,,
NY.GDP.PCAP.PP.KD,NPL,2013,2982.28700,,
NY.GDP.PCAP.PP.KD,NPL,2014,3152.29326,,
NY.GDP.PCAP.PP.KD,NPL,2015,3260.03500,,
NY.GDP.PCAP.PP.KD,NPL,2016,3244.67430,,
NY.GDP.PCAP.PP.KD,NPL,2017,3495.52880,,
NY.GDP.PCAP.PP.KD,NPL,2018,3719.30778,,
NY.GDP.PCAP.PP.KD,NPL,2019,3922.08133,,
NY.GDP.PCAP.PP.KD,NPL,2020,3761.80279,,
NY.GDP.PCAP.PP.KD,NPL,2021,3853.68030,,
NY.GDP.PCAP.PP.KD,NPL,2022,4001.69995,,
NY.GNP.MKTP.CN,NPL,1970,8768000000,,
NY.GNP.MKTP.CN,NPL,1971,8938000400,,
NY.GNP.MKTP.CN,NPL,1972,10369000400,,
NY.GNP.MKTP.CN,NPL,1973,9969000400,,
NY.GNP.MKTP.CN,NPL,1974,12807999500,,
NY.GNP.MKTP.CN,NPL,1975,16570999800,,
NY.GNP.MKTP.CN,NPL,1976,17457600500,,
NY.GNP.MKTP.CN,NPL,1977,17353699300,,
NY.GNP.MKTP.CN,NPL,1978,19819499500,,
NY.GNP.MKTP.CN,NPL,1979,22314500100,,
NY.GNP.MKTP.CN,NPL,1980,23501199400,,
NY.GNP.MKTP.CN,NPL,1981,27427999700,,
NY.GNP.MKTP.CN,NPL,1982,31147999200,,
NY.GNP.MKTP.CN,NPL,1983,33942999000,,
NY.GNP.MKTP.CN,NPL,1984,40014901200,,
NY.GNP.MKTP.CN,NPL,1985,46588845000,,
NY.GNP.MKTP.CN,NPL,1986,55723801000,,
NY.GNP.MKTP.CN,NPL,1987,63843609400,,
NY.GNP.MKTP.CN,NPL,1988,76833867500,,
NY.GNP.MKTP.CN,NPL,1989,89436417100,,
NY.GNP.MKTP.CN,NPL,1990,103777357000,,
NY.GNP.MKTP.CN,NPL,1991,124198600000,,
NY.GNP.MKTP.CN,NPL,1992,153307400000,,
NY.GNP.MKTP.CN,NPL,1993,176054000000,,
NY.GNP.MKTP.CN,NPL,1994,199861000000,,
NY.GNP.MKTP.CN,NPL,1995,219447100000,,
NY.GNP.MKTP.CN,NPL,1996,249342390000,,
NY.GNP.MKTP.CN,NPL,1997,280952131000,,
NY.GNP.MKTP.CN,NPL,1998,301266260000,,
NY.GNP.MKTP.CN,NPL,1999,342851400000,,
NY.GNP.MKTP.CN,NPL,2000,380869400000,,
NY.GNP.MKTP.CN,NPL,2001,443220000000,,
NY.GNP.MKTP.CN,NPL,2002,458838000000,,
NY.GNP.MKTP.CN,NPL,2003,491555000000,,
NY.GNP.MKTP.CN,NPL,2004,535065000000,,
NY.GNP.MKTP.CN,NPL,2005,591048000000,,
NY.GNP.MKTP.CN,NPL,2006,659040000000,,
NY.GNP.MKTP.CN,NPL,2007,735259000000,,
NY.GNP.MKTP.CN,NPL,2008,823605000000,,
NY.GNP.MKTP.CN,NPL,2009,1000021000000,,
NY.GNP.MKTP.CN,NPL,2010,1201891000000,,
NY.GNP.MKTP.CN,NPL,2011,1566771163768.70000,,
NY.GNP.MKTP.CN,NPL,2012,1770670577857.45000,,
NY.GNP.MKTP.CN,NPL,2013,1962373658504.56010,,
NY.GNP.MKTP.CN,NPL,2014,2265276983527.75000,,
NY.GNP.MKTP.CN,NPL,2015,2457880982848,,
NY.GNP.MKTP.CN,NPL,2016,2642188759756.22020,,
NY.GNP.MKTP.CN,NPL,2017,3108139991654.83980,,
NY.GNP.MKTP.CN,NPL,2018,3478564065481.21000,,
NY.GNP.MKTP.CN,NPL,2019,3898845945187.08010,,
NY.GNP.MKTP.CN,NPL,2020,3934657252248.39990,,
NY.GNP.MKTP.CN,NPL,2021,4375835767980.31010,,
NY.GNP.MKTP.CN,NPL,2022,4962587471284.61040,,
NY.GNP.PCAP.CD,NPL,1970,70,,
NY.GNP.PCAP.CD,NPL,1971,70,,
NY.GNP.PCAP.CD,NPL,1972,80,,
NY.GNP.PCAP.CD,NPL,1973,80,,
NY.GNP.PCAP.CD,NPL,1974,100,,
NY.GNP.PCAP.CD,NPL,1975,110,,
NY.GNP.PCAP.CD,NPL,1976,110,,
NY.GNP.PCAP.CD,NPL,1977,110,,
NY.GNP.PCAP.CD,NPL,1978,110,,
NY.GNP.PCAP.CD,NPL,1979,120,,
NY.GNP.PCAP.CD,NPL,1980,130,,
NY.GNP.PCAP.CD,NPL,1981,150,,
NY.GNP.PCAP.CD,NPL,1982,150,,
NY.GNP.PCAP.CD,NPL,1983,140,,
NY.GNP.PCAP.CD,NPL,1984,150,,
NY.GNP.PCAP.CD,NPL,1985,160,,
NY.GNP.PCAP.CD,NPL,1986,160,,
NY.GNP.PCAP.CD,NPL,1987,170,,
NY.GNP.PCAP.CD,NPL,1988,200,,
NY.GNP.PCAP.CD,NPL,1989,200,,
NY.GNP.PCAP.CD,NPL,1990,200,,
NY.GNP.PCAP.CD,NPL,1991,200,,
NY.GNP.PCAP.CD,NPL,1992,190,,
NY.GNP.PCAP.CD,NPL,1993,190,,
NY.GNP.PCAP.CD,NPL,1994,190,,
NY.GNP.PCAP.CD,NPL,1995,200,,
NY.GNP.PCAP.CD,NPL,1996,210,,
NY.GNP.PCAP.CD,NPL,1997,210,,
NY.GNP.PCAP.CD,NPL,1998,200,,
NY.GNP.PCAP.CD,NPL,1999,210,,
NY.GNP.PCAP.CD,NPL,2000,220,,
NY.GNP.PCAP.CD,NPL,2001,230,,
NY.GNP.PCAP.CD,NPL,2002,230,,
NY.GNP.PCAP.CD,NPL,2003,250,,
NY.GNP.PCAP.CD,NPL,2004,280,,
NY.GNP.PCAP.CD,NPL,2005,300,,
NY.GNP.PCAP.CD,NPL,2006,330,,
NY.GNP.PCAP.CD,NPL,2007,370,,
NY.GNP.PCAP.CD,NPL,2008,430,,
NY.GNP.PCAP.CD,NPL,2009,480,,
NY.GNP.PCAP.CD,NPL,2010,540,,
NY.GNP.PCAP.CD,NPL,2011,630,,
NY.GNP.PCAP.CD,NPL,2012,760,,
NY.GNP.PCAP.CD,NPL,2013,840,,
NY.GNP.PCAP.CD,NPL,2014,860,,
NY.GNP.PCAP.CD,NPL,2015,870,,
NY.GNP.PCAP.CD,NPL,2016,860,,
NY.GNP.PCAP.CD,NPL,2017,970,,
NY.GNP.PCAP.CD,NPL,2018,1110,,
NY.GNP.PCAP.CD,NPL,2019,1220,,
NY.GNP.PCAP.CD,NPL,2020,1180,,
NY.GNP.PCAP.CD,NPL,2021,1230,,
NY.GNP.PCAP.CD,NPL,2022,1340,,
NY.GNP.PCAP.CN,NPL,1970,701.36790,,
NY.GNP.PCAP.CN,NPL,1971,699.65490,,
NY.GNP.PCAP.CN,NPL,1972,794.42427,,
NY.GNP.PCAP.CN,NPL,1973,747.52760,,
NY.GNP.PCAP.CN,NPL,1974,939.94691,,
NY.GNP.PCAP.CN,NPL,1975,1189.97171,,
NY.GNP.PCAP.CN,NPL,1976,1226.75300,,
NY.GNP.PCAP.CN,NPL,1977,1192.65886,,
NY.GNP.PCAP.CN,NPL,1978,1331.17104,,
NY.GNP.PCAP.CN,NPL,1979,1464.34402,,
NY.GNP.PCAP.CN,NPL,1980,1506.44446,,
NY.GNP.PCAP.CN,NPL,1981,1717.49261,,
NY.GNP.PCAP.CN,NPL,1982,1905.41157,,
NY.GNP.PCAP.CN,NPL,1983,2027.57782,,
NY.GNP.PCAP.CN,NPL,1984,2334.37240,,
NY.GNP.PCAP.CN,NPL,1985,2656.06205,,
NY.GNP.PCAP.CN,NPL,1986,3106.65278,,
NY.GNP.PCAP.CN,NPL,1987,3483.73342,,
NY.GNP.PCAP.CN,NPL,1988,4104.20993,,
NY.GNP.PCAP.CN,NPL,1989,4671.50992,,
NY.GNP.PCAP.CN,NPL,1990,5290.30144,,
NY.GNP.PCAP.CN,NPL,1991,6169.58738,,
NY.GNP.PCAP.CN,NPL,1992,7405.39151,,
NY.GNP.PCAP.CN,NPL,1993,8278.13176,,
NY.GNP.PCAP.CN,NPL,1994,9170.14377,,
NY.GNP.PCAP.CN,NPL,1995,9838.21934,,
NY.GNP.PCAP.CN,NPL,1996,10943.76445,,
NY.GNP.PCAP.CN,NPL,1997,12084.26564,,
NY.GNP.PCAP.CN,NPL,1998,12709.87180,,
NY.GNP.PCAP.CN,NPL,1999,14200.76919,,
NY.GNP.PCAP.CN,NPL,2000,15508.02744,,
NY.GNP.PCAP.CN,NPL,2001,17760.00717,,
NY.GNP.PCAP.CN,NPL,2002,18112.85236,,
NY.GNP.PCAP.CN,NPL,2003,19139.38250,,
NY.GNP.PCAP.CN,NPL,2004,20576.28519,,
NY.GNP.PCAP.CN,NPL,2005,22486.03867,,
NY.GNP.PCAP.CN,NPL,2006,24851.64300,,
NY.GNP.PCAP.CN,NPL,2007,27523.71400,,
NY.GNP.PCAP.CN,NPL,2008,30638.30709,,
NY.GNP.PCAP.CN,NPL,2009,37000.89477,,
NY.GNP.PCAP.CN,NPL,2010,44249.69296,,
NY.GNP.PCAP.CN,NPL,2011,57461.60921,,
NY.GNP.PCAP.CN,NPL,2012,64786.88678,,
NY.GNP.PCAP.CN,NPL,2013,71667.72152,,
NY.GNP.PCAP.CN,NPL,2014,82487.37309,,
NY.GNP.PCAP.CN,NPL,2015,89020.35680,,
NY.GNP.PCAP.CN,NPL,2016,94834.03757,,
NY.GNP.PCAP.CN,NPL,2017,110282.54662,,
NY.GNP.PCAP.CN,NPL,2018,122026.14126,,
NY.GNP.PCAP.CN,NPL,2019,135224.01755,,
NY.GNP.PCAP.CN,NPL,2020,134066.14395,,
NY.GNP.PCAP.CN,NPL,2021,145691.27253,,
NY.GNP.PCAP.CN,NPL,2022,162454.35715,,
NY.GNP.PCAP.PP.CD,NPL,1990,830,,
NY.GNP.PCAP.PP.CD,NPL,1991,890,,
NY.GNP.PCAP.PP.CD,NPL,1992,920,,
NY.GNP.PCAP.PP.CD,NPL,1993,950,,
NY.GNP.PCAP.PP.CD,NPL,1994,1030,,
NY.GNP.PCAP.PP.CD,NPL,1995,1060,,
NY.GNP.PCAP.PP.CD,NPL,1996,1110,,
NY.GNP.PCAP.PP.CD,NPL,1997,1160,,
NY.GNP.PCAP.PP.CD,NPL,1998,1190,,
NY.GNP.PCAP.PP.CD,NPL,1999,1240,,
NY.GNP.PCAP.PP.CD,NPL,2000,1320,,
NY.GNP.PCAP.PP.CD,NPL,2001,1390,,
NY.GNP.PCAP.PP.CD,NPL,2002,1390,,
NY.GNP.PCAP.PP.CD,NPL,2003,1450,,
NY.GNP.PCAP.PP.CD,NPL,2004,1540,,
NY.GNP.PCAP.PP.CD,NPL,2005,1630,,
NY.GNP.PCAP.PP.CD,NPL,2006,1730,,
NY.GNP.PCAP.PP.CD,NPL,2007,1830,,
NY.GNP.PCAP.PP.CD,NPL,2008,1970,,
NY.GNP.PCAP.PP.CD,NPL,2009,2060,,
NY.GNP.PCAP.PP.CD,NPL,2010,2170,,
NY.GNP.PCAP.PP.CD,NPL,2011,2280,,
NY.GNP.PCAP.PP.CD,NPL,2012,2490,,
NY.GNP.PCAP.PP.CD,NPL,2013,2670,,
NY.GNP.PCAP.PP.CD,NPL,2014,2930,,
NY.GNP.PCAP.PP.CD,NPL,2015,2970,,
NY.GNP.PCAP.PP.CD,NPL,2016,2960,,
NY.GNP.PCAP.PP.CD,NPL,2017,3530,,
NY.GNP.PCAP.PP.CD,NPL,2018,3830,,
NY.GNP.PCAP.PP.CD,NPL,2019,4130,,
NY.GNP.PCAP.PP.CD,NPL,2020,4020,,
NY.GNP.PCAP.PP.CD,NPL,2021,4280,,
NY.GNP.PCAP.PP.CD,NPL,2022,4750,,
PA.NUS.ATLS,NPL,1970,10.12500,,
PA.NUS.ATLS,NPL,1971,10.12500,,
PA.NUS.ATLS,NPL,1972,10.12500,,
PA.NUS.ATLS,NPL,1973,10.25510,,
PA.NUS.ATLS,NPL,1974,10.51600,,
PA.NUS.ATLS,NPL,1975,10.51600,,
PA.NUS.ATLS,NPL,1976,11.97283,,
PA.NUS.ATLS,NPL,1977,12.50000,,
PA.NUS.ATLS,NPL,1978,12.30050,,
PA.NUS.ATLS,NPL,1979,12,,
PA.NUS.ATLS,NPL,1980,12,,
PA.NUS.ATLS,NPL,1981,12,,
PA.NUS.ATLS,NPL,1982,12.93633,,
PA.NUS.ATLS,NPL,1983,13.79550,,
PA.NUS.ATLS,NPL,1984,15.26030,,
PA.NUS.ATLS,NPL,1985,17.78150,,
PA.NUS.ATLS,NPL,1986,19.54692,,
PA.NUS.ATLS,NPL,1987,21.59570,,
PA.NUS.ATLS,NPL,1988,22.05500,,
PA.NUS.ATLS,NPL,1989,25.32292,,
PA.NUS.ATLS,NPL,1990,28.50842,,
PA.NUS.ATLS,NPL,1991,31.57000,,
PA.NUS.ATLS,NPL,1992,44.90000,,
PA.NUS.ATLS,NPL,1993,48,,
PA.NUS.ATLS,NPL,1994,49,,
PA.NUS.ATLS,NPL,1995,49.80000,,
PA.NUS.ATLS,NPL,1996,55.05000,,
PA.NUS.ATLS,NPL,1997,57.03000,,
PA.NUS.ATLS,NPL,1998,61.95000,,
PA.NUS.ATLS,NPL,1999,67.95000,,
PA.NUS.ATLS,NPL,2000,69.07000,,
PA.NUS.ATLS,NPL,2001,73.50000,,
PA.NUS.ATLS,NPL,2002,75.93000,,
PA.NUS.ATLS,NPL,2003,77.75580,,
PA.NUS.ATLS,NPL,2004,73.79070,,
PA.NUS.ATLS,NPL,2005,72.49610,,
PA.NUS.ATLS,NPL,2006,72.32470,,
PA.NUS.ATLS,NPL,2007,70.48750,,
PA.NUS.ATLS,NPL,2008,65.01630,,
PA.NUS.ATLS,NPL,2009,76.87850,,
PA.NUS.ATLS,NPL,2010,74.53600,,
PA.NUS.ATLS,NPL,2011,72.27365,,
PA.NUS.ATLS,NPL,2012,81.01972,,
PA.NUS.ATLS,NPL,2013,87.95582,,
PA.NUS.ATLS,NPL,2014,98.21236,,
PA.NUS.ATLS,NPL,2015,99.48928,,
PA.NUS.ATLS,NPL,2016,106.35185,,
PA.NUS.ATLS,NPL,2017,106.21250,,
PA.NUS.ATLS,NPL,2018,104.37300,,
PA.NUS.ATLS,NPL,2019,112.87983,,
PA.NUS.ATLS,NPL,2020,116.31104,,
PA.NUS.ATLS,NPL,2021,117.87594,,
PA.NUS.ATLS,NPL,2022,120.84027,,
PA.NUS.FCRF,NPL,1970,10.12500,,
PA.NUS.FCRF,NPL,1971,10.12500,,
PA.NUS.FCRF,NPL,1972,10.12500,,
PA.NUS.FCRF,NPL,1973,10.50017,,
PA.NUS.FCRF,NPL,1974,10.56000,,
PA.NUS.FCRF,NPL,1975,11.00283,,
PA.NUS.FCRF,NPL,1976,12.50000,,
PA.NUS.FCRF,NPL,1977,12.50000,,
PA.NUS.FCRF,NPL,1978,12.11050,,
PA.NUS.FCRF,NPL,1979,12,,
PA.NUS.FCRF,NPL,1980,12,,
PA.NUS.FCRF,NPL,1981,12.33633,,
PA.NUS.FCRF,NPL,1982,13.24383,,
PA.NUS.FCRF,NPL,1983,14.54525,,
PA.NUS.FCRF,NPL,1984,16.45942,,
PA.NUS.FCRF,NPL,1985,18.24642,,
PA.NUS.FCRF,NPL,1986,21.22983,,
PA.NUS.FCRF,NPL,1987,21.81917,,
PA.NUS.FCRF,NPL,1988,23.28925,,
PA.NUS.FCRF,NPL,1989,27.18883,,
PA.NUS.FCRF,NPL,1990,29.36917,,
PA.NUS.FCRF,NPL,1991,37.25500,,
PA.NUS.FCRF,NPL,1992,42.71750,,
PA.NUS.FCRF,NPL,1993,48.60717,,
PA.NUS.FCRF,NPL,1994,49.39752,,
PA.NUS.FCRF,NPL,1995,51.89033,,
PA.NUS.FCRF,NPL,1996,56.69195,,
PA.NUS.FCRF,NPL,1997,58.00955,,
PA.NUS.FCRF,NPL,1998,65.97579,,
PA.NUS.FCRF,NPL,1999,68.23937,,
PA.NUS.FCRF,NPL,2000,71.09380,,
PA.NUS.FCRF,NPL,2001,74.94925,,
PA.NUS.FCRF,NPL,2002,77.87662,,
PA.NUS.FCRF,NPL,2003,76.14145,,
PA.NUS.FCRF,NPL,2004,73.67360,,
PA.NUS.FCRF,NPL,2005,71.36750,,
PA.NUS.FCRF,NPL,2006,72.75561,,
PA.NUS.FCRF,NPL,2007,66.41503,,
PA.NUS.FCRF,NPL,2008,69.76170,,
PA.NUS.FCRF,NPL,2009,77.57343,,
PA.NUS.FCRF,NPL,2010,73.26236,,
PA.NUS.FCRF,NPL,2011,74.02000,,
PA.NUS.FCRF,NPL,2012,85.22576,,
PA.NUS.FCRF,NPL,2013,93.08439,,
PA.NUS.FCRF,NPL,2014,97.55484,,
PA.NUS.FCRF,NPL,2015,102.40513,,
PA.NUS.FCRF,NPL,2016,107.38382,,
PA.NUS.FCRF,NPL,2017,104.51189,,
PA.NUS.FCRF,NPL,2018,108.93013,,
PA.NUS.FCRF,NPL,2019,112.60948,,
PA.NUS.FCRF,NPL,2020,118.34519,,
PA.NUS.FCRF,NPL,2021,118.13408,,
PA.NUS.FCRF,NPL,2022,125.19946,,
PA.NUS.PPP,NPL,1990,6.85517,,
PA.NUS.PPP,NPL,1991,7.46276,,
PA.NUS.PPP,NPL,1992,8.64553,,
PA.NUS.PPP,NPL,1993,9.35532,,
PA.NUS.PPP,NPL,1994,9.60086,,
PA.NUS.PPP,NPL,1995,9.99618,,
PA.NUS.PPP,NPL,1996,10.58439,,
PA.NUS.PPP,NPL,1997,11.16235,,
PA.NUS.PPP,NPL,1998,11.49154,,
PA.NUS.PPP,NPL,1999,12.33892,,
PA.NUS.PPP,NPL,2000,12.60519,,
PA.NUS.PPP,NPL,2001,12.74813,,
PA.NUS.PPP,NPL,2002,13.04642,,
PA.NUS.PPP,NPL,2003,13.18673,,
PA.NUS.PPP,NPL,2004,13.37705,,
PA.NUS.PPP,NPL,2005,13.76403,,
PA.NUS.PPP,NPL,2006,14.33476,,
PA.NUS.PPP,NPL,2007,15.01878,,
PA.NUS.PPP,NPL,2008,15.56431,,
PA.NUS.PPP,NPL,2009,17.92543,,
PA.NUS.PPP,NPL,2010,20.39547,,
PA.NUS.PPP,NPL,2011,25.25461,,
PA.NUS.PPP,NPL,2012,26.00444,,
PA.NUS.PPP,NPL,2013,26.79987,,
PA.NUS.PPP,NPL,2014,28.15275,,
PA.NUS.PPP,NPL,2015,29.94254,,
PA.NUS.PPP,NPL,2016,31.99881,,
PA.NUS.PPP,NPL,2017,31.23498,,
PA.NUS.PPP,NPL,2018,31.83032,,
PA.NUS.PPP,NPL,2019,32.73626,,
PA.NUS.PPP,NPL,2020,33.35427,,
PA.NUS.PPP,NPL,2021,34.07884,,
PA.NUS.PPP,NPL,2022,34.18141,,
PA.NUS.PPPC.RF,NPL,1990,0.24046,,
PA.NUS.PPPC.RF,NPL,1991,0.23639,,
PA.NUS.PPPC.RF,NPL,1992,0.19255,,
PA.NUS.PPPC.RF,NPL,1993,0.19490,,
PA.NUS.PPPC.RF,NPL,1994,0.19594,,
PA.NUS.PPPC.RF,NPL,1995,0.20073,,
PA.NUS.PPPC.RF,NPL,1996,0.19227,,
PA.NUS.PPPC.RF,NPL,1997,0.19573,,
PA.NUS.PPPC.RF,NPL,1998,0.18550,,
PA.NUS.PPPC.RF,NPL,1999,0.18159,,
PA.NUS.PPPC.RF,NPL,2000,0.18250,,
PA.NUS.PPPC.RF,NPL,2001,0.17344,,
PA.NUS.PPPC.RF,NPL,2002,0.17182,,
PA.NUS.PPPC.RF,NPL,2003,0.16959,,
PA.NUS.PPPC.RF,NPL,2004,0.18128,,
PA.NUS.PPPC.RF,NPL,2005,0.18986,,
PA.NUS.PPPC.RF,NPL,2006,0.19820,,
PA.NUS.PPPC.RF,NPL,2007,0.21307,,
PA.NUS.PPPC.RF,NPL,2008,0.23939,,
PA.NUS.PPPC.RF,NPL,2009,0.23317,,
PA.NUS.PPPC.RF,NPL,2010,0.27363,,
PA.NUS.PPPC.RF,NPL,2011,0.34943,,
PA.NUS.PPPC.RF,NPL,2012,0.32096,,
PA.NUS.PPPC.RF,NPL,2013,0.30470,,
PA.NUS.PPPC.RF,NPL,2014,0.28665,,
PA.NUS.PPPC.RF,NPL,2015,0.30096,,
PA.NUS.PPPC.RF,NPL,2016,0.30088,,
PA.NUS.PPPC.RF,NPL,2017,0.29408,,
PA.NUS.PPPC.RF,NPL,2018,0.30497,,
PA.NUS.PPPC.RF,NPL,2019,0.29001,,
PA.NUS.PPPC.RF,NPL,2020,0.28677,,
PA.NUS.PPPC.RF,NPL,2021,0.28911,,
PA.NUS.PPPC.RF,NPL,2022,0.28286,,
PA.NUS.PRVT.PP,NPL,1990,9.57927,,
PA.NUS.PRVT.PP,NPL,1991,10.61981,,
PA.NUS.PRVT.PP,NPL,1992,12.07532,,
PA.NUS.PRVT.PP,NPL,1993,12.60943,,
PA.NUS.PRVT.PP,NPL,1994,13.31505,,
PA.NUS.PRVT.PP,NPL,1995,13.93900,,
PA.NUS.PRVT.PP,NPL,1996,14.79070,,
PA.NUS.PRVT.PP,NPL,1997,15.03239,,
PA.NUS.PRVT.PP,NPL,1998,16.46709,,
PA.NUS.PRVT.PP,NPL,1999,17.31521,,
PA.NUS.PRVT.PP,NPL,2000,17.16479,,
PA.NUS.PRVT.PP,NPL,2001,17.14178,,
PA.NUS.PRVT.PP,NPL,2002,17.38533,,
PA.NUS.PRVT.PP,NPL,2003,17.96959,,
PA.NUS.PRVT.PP,NPL,2004,17.99839,,
PA.NUS.PRVT.PP,NPL,2005,18.59784,,
PA.NUS.PRVT.PP,NPL,2006,19.26345,,
PA.NUS.PRVT.PP,NPL,2007,19.15417,,
PA.NUS.PRVT.PP,NPL,2008,20.27361,,
PA.NUS.PRVT.PP,NPL,2009,22.60330,,
PA.NUS.PRVT.PP,NPL,2010,24.31266,,
PA.NUS.PRVT.PP,NPL,2011,25.74333,,
PA.NUS.PRVT.PP,NPL,2012,25.78347,,
PA.NUS.PRVT.PP,NPL,2013,27.48665,,
PA.NUS.PRVT.PP,NPL,2014,28.57624,,
PA.NUS.PRVT.PP,NPL,2015,29.92489,,
PA.NUS.PRVT.PP,NPL,2016,30.70224,,
PA.NUS.PRVT.PP,NPL,2017,30.51293,,
PA.NUS.PRVT.PP,NPL,2018,30.99503,,
PA.NUS.PRVT.PP,NPL,2019,32.13863,,
PA.NUS.PRVT.PP,NPL,2020,33.35098,,
PA.NUS.PRVT.PP,NPL,2021,33.15668,,
PA.NUS.PRVT.PP,NPL,2022,33.06149,,
SH.DYN.AIDS.ZS,NPL,1990,0.10000,,
SH.DYN.AIDS.ZS,NPL,1991,0.10000,,
SH.DYN.AIDS.ZS,NPL,1992,0.10000,,
SH.DYN.AIDS.ZS,NPL,1993,0.10000,,
SH.DYN.AIDS.ZS,NPL,1994,0.10000,,
SH.DYN.AIDS.ZS,NPL,1995,0.10000,,
SH.DYN.AIDS.ZS,NPL,1996,0.10000,,
SH.DYN.AIDS.ZS,NPL,1997,0.10000,,
SH.DYN.AIDS.ZS,NPL,1998,0.10000,,
SH.DYN.AIDS.ZS,NPL,1999,0.10000,,
SH.DYN.AIDS.ZS,NPL,2000,0.10000,,
SH.DYN.AIDS.ZS,NPL,2001,0.20000,,
SH.DYN.AIDS.ZS,NPL,2002,0.20000,,
SH.DYN.AIDS.ZS,NPL,2003,0.20000,,
SH.DYN.AIDS.ZS,NPL,2004,0.20000,,
SH.DYN.AIDS.ZS,NPL,2005,0.20000,,
SH.DYN.AIDS.ZS,NPL,2006,0.20000,,
SH.DYN.AIDS.ZS,NPL,2007,0.20000,,
SH.DYN.AIDS.ZS,NPL,2008,0.20000,,
SH.DYN.AIDS.ZS,NPL,2009,0.20000,,
SH.DYN.AIDS.ZS,NPL,2010,0.20000,,
SH.DYN.AIDS.ZS,NPL,2011,0.20000,,
SH.DYN.AIDS.ZS,NPL,2012,0.20000,,
SH.DYN.AIDS.ZS,NPL,2013,0.20000,,
SH.DYN.AIDS.ZS,NPL,2014,0.20000,,
SH.DYN.AIDS.ZS,NPL,2015,0.20000,,
SH.DYN.AIDS.ZS,NPL,2016,0.10000,,
SH.DYN.AIDS.ZS,NPL,2017,0.10000,,
SH.DYN.AIDS.ZS,NPL,2018,0.10000,,
SH.DYN.AIDS.ZS,NPL,2019,0.10000,,
SH.DYN.AIDS.ZS,NPL,2020,0.10000,,
SH.DYN.AIDS.ZS,NPL,2021,0.10000,,
SI.POV.LMIC,NPL,1995,83.80000,,
SI.POV.LMIC,NPL,2003,70.60000,,
SI.POV.LMIC,NPL,2010,40,,
SP.DYN.IMRT.IN,NPL,1970,177.40000,,
SP.DYN.IMRT.IN,NPL,1971,173.40000,,
SP.DYN.IMRT.IN,NPL,1972,169.70000,,
SP.DYN.IMRT.IN,NPL,1973,166.10000,,
SP.DYN.IMRT.IN,NPL,1974,162.50000,,
SP.DYN.IMRT.IN,NPL,1975,158.80000,,
SP.DYN.IMRT.IN,NPL,1976,155.10000,,
SP.DYN.IMRT.IN,NPL,1977,151.30000,,
SP.DYN.IMRT.IN,NPL,1978,147.40000,,
SP.DYN.IMRT.IN,NPL,1979,143.40000,,
SP.DYN.IMRT.IN,NPL,1980,139.30000,,
SP.DYN.IMRT.IN,NPL,1981,135.10000,,
SP.DYN.IMRT.IN,NPL,1982,131,,
SP.DYN.IMRT.IN,NPL,1983,126.90000,,
SP.DYN.IMRT.IN,NPL,1984,122.70000,,
SP.DYN.IMRT.IN,NPL,1985,118.50000,,
SP.DYN.IMRT.IN,NPL,1986,114.20000,,
SP.DYN.IMRT.IN,NPL,1987,109.90000,,
SP.DYN.IMRT.IN,NPL,1988,105.50000,,
SP.DYN.IMRT.IN,NPL,1989,100.90000,,
SP.DYN.IMRT.IN,NPL,1990,96.40000,,
SP.DYN.IMRT.IN,NPL,1991,91.90000,,
SP.DYN.IMRT.IN,NPL,1992,87.60000,,
SP.DYN.IMRT.IN,NPL,1993,83.40000,,
SP.DYN.IMRT.IN,NPL,1994,79.40000,,
SP.DYN.IMRT.IN,NPL,1995,75.60000,,
SP.DYN.IMRT.IN,NPL,1996,71.90000,,
SP.DYN.IMRT.IN,NPL,1997,68.40000,,
SP.DYN.IMRT.IN,NPL,1998,65,,
SP.DYN.IMRT.IN,NPL,1999,61.80000,,
SP.DYN.IMRT.IN,NPL,2000,58.70000,,
SP.DYN.IMRT.IN,NPL,2001,55.80000,,
SP.DYN.IMRT.IN,NPL,2002,53.10000,,
SP.DYN.IMRT.IN,NPL,2003,50.50000,,
SP.DYN.IMRT.IN,NPL,2004,48.20000,,
SP.DYN.IMRT.IN,NPL,2005,45.90000,,
SP.DYN.IMRT.IN,NPL,2006,43.80000,,
SP.DYN.IMRT.IN,NPL,2007,41.90000,,
SP.DYN.IMRT.IN,NPL,2008,40,,
SP.DYN.IMRT.IN,NPL,2009,38.30000,,
SP.DYN.IMRT.IN,NPL,2010,36.60000,,
SP.DYN.IMRT.IN,NPL,2011,35,,
SP.DYN.IMRT.IN,NPL,2012,33.50000,,
SP.DYN.IMRT.IN,NPL,2013,32,,
SP.DYN.IMRT.IN,NPL,2014,30.60000,,
SP.DYN.IMRT.IN,NPL,2015,29.20000,,
SP.DYN.IMRT.IN,NPL,2016,27.90000,,
SP.DYN.IMRT.IN,NPL,2017,26.60000,,
SP.DYN.IMRT.IN,NPL,2018,25.50000,,
SP.DYN.IMRT.IN,NPL,2019,24.50000,,
SP.DYN.IMRT.IN,NPL,2020,23.60000,,
SP.DYN.IMRT.IN,NPL,2021,22.80000,,
SP.DYN.LE00.IN,NPL,1970,42.82700,,
SP.DYN.LE00.IN,NPL,1971,43.31200,,
SP.DYN.LE00.IN,NPL,1972,43.68900,,
SP.DYN.LE00.IN,NPL,1973,44.04400,,
SP.DYN.LE00.IN,NPL,1974,44.46400,,
SP.DYN.LE00.IN,NPL,1975,45.04000,,
SP.DYN.LE00.IN,NPL,1976,45.54400,,
SP.DYN.LE00.IN,NPL,1977,46.00500,,
SP.DYN.LE00.IN,NPL,1978,46.68200,,
SP.DYN.LE00.IN,NPL,1979,47.26600,,
SP.DYN.LE00.IN,NPL,1980,47.88900,,
SP.DYN.LE00.IN,NPL,1981,48.38700,,
SP.DYN.LE00.IN,NPL,1982,48.93600,,
SP.DYN.LE00.IN,NPL,1983,49.43100,,
SP.DYN.LE00.IN,NPL,1984,50.22500,,
SP.DYN.LE00.IN,NPL,1985,50.88200,,
SP.DYN.LE00.IN,NPL,1986,51.53500,,
SP.DYN.LE00.IN,NPL,1987,52.47500,,
SP.DYN.LE00.IN,NPL,1988,53.07100,,
SP.DYN.LE00.IN,NPL,1989,54.12700,,
SP.DYN.LE00.IN,NPL,1990,54.83300,,
SP.DYN.LE00.IN,NPL,1991,55.71200,,
SP.DYN.LE00.IN,NPL,1992,56.71000,,
SP.DYN.LE00.IN,NPL,1993,57.61900,,
SP.DYN.LE00.IN,NPL,1994,58.55300,,
SP.DYN.LE00.IN,NPL,1995,59.31800,,
SP.DYN.LE00.IN,NPL,1996,59.98100,,
SP.DYN.LE00.IN,NPL,1997,60.77100,,
SP.DYN.LE00.IN,NPL,1998,61.54900,,
SP.DYN.LE00.IN,NPL,1999,62.11300,,
SP.DYN.LE00.IN,NPL,2000,62.61400,,
SP.DYN.LE00.IN,NPL,2001,63.33600,,
SP.DYN.LE00.IN,NPL,2002,63.26400,,
SP.DYN.LE00.IN,NPL,2003,64.19700,,
SP.DYN.LE00.IN,NPL,2004,64.81800,,
SP.DYN.LE00.IN,NPL,2005,65.45700,,
SP.DYN.LE00.IN,NPL,2006,65.86800,,
SP.DYN.LE00.IN,NPL,2007,66.32900,,
SP.DYN.LE00.IN,NPL,2008,66.42100,,
SP.DYN.LE00.IN,NPL,2009,66.76100,,
SP.DYN.LE00.IN,NPL,2010,66.81400,,
SP.DYN.LE00.IN,NPL,2011,67.31300,,
SP.DYN.LE00.IN,NPL,2012,67.47000,,
SP.DYN.LE00.IN,NPL,2013,67.96500,,
SP.DYN.LE00.IN,NPL,2014,68.08500,,
SP.DYN.LE00.IN,NPL,2015,67.45600,,
SP.DYN.LE00.IN,NPL,2016,68.77600,,
SP.DYN.LE00.IN,NPL,2017,68.91000,,
SP.DYN.LE00.IN,NPL,2018,68.97900,,
SP.DYN.LE00.IN,NPL,2019,69.55800,,
SP.DYN.LE00.IN,NPL,2020,69.24600,,
SP.DYN.LE00.IN,NPL,2021,68.45000,,
SP.DYN.TFRT.IN,NPL,1970,5.87600,,
SP.DYN.TFRT.IN,NPL,1971,5.84200,,
SP.DYN.TFRT.IN,NPL,1972,5.78100,,
SP.DYN.TFRT.IN,NPL,1973,5.69400,,
SP.DYN.TFRT.IN,NPL,1974,5.73800,,
SP.DYN.TFRT.IN,NPL,1975,5.74800,,
SP.DYN.TFRT.IN,NPL,1976,5.75100,,
SP.DYN.TFRT.IN,NPL,1977,5.72600,,
SP.DYN.TFRT.IN,NPL,1978,5.71900,,
SP.DYN.TFRT.IN,NPL,1979,5.69100,,
SP.DYN.TFRT.IN,NPL,1980,5.63900,,
SP.DYN.TFRT.IN,NPL,1981,5.60200,,
SP.DYN.TFRT.IN,NPL,1982,5.57500,,
SP.DYN.TFRT.IN,NPL,1983,5.55500,,
SP.DYN.TFRT.IN,NPL,1984,5.53700,,
SP.DYN.TFRT.IN,NPL,1985,5.47400,,
SP.DYN.TFRT.IN,NPL,1986,5.42400,,
SP.DYN.TFRT.IN,NPL,1987,5.36200,,
SP.DYN.TFRT.IN,NPL,1988,5.31200,,
SP.DYN.TFRT.IN,NPL,1989,5.25300,,
SP.DYN.TFRT.IN,NPL,1990,5.20800,,
SP.DYN.TFRT.IN,NPL,1991,5.13900,,
SP.DYN.TFRT.IN,NPL,1992,5.04400,,
SP.DYN.TFRT.IN,NPL,1993,5.00200,,
SP.DYN.TFRT.IN,NPL,1994,4.90700,,
SP.DYN.TFRT.IN,NPL,1995,4.78500,,
SP.DYN.TFRT.IN,NPL,1996,4.59500,,
SP.DYN.TFRT.IN,NPL,1997,4.39300,,
SP.DYN.TFRT.IN,NPL,1998,4.23500,,
SP.DYN.TFRT.IN,NPL,1999,4.08300,,
SP.DYN.TFRT.IN,NPL,2000,3.94400,,
SP.DYN.TFRT.IN,NPL,2001,3.76300,,
SP.DYN.TFRT.IN,NPL,2002,3.59000,,
SP.DYN.TFRT.IN,NPL,2003,3.45700,,
SP.DYN.TFRT.IN,NPL,2004,3.31100,,
SP.DYN.TFRT.IN,NPL,2005,3.14200,,
SP.DYN.TFRT.IN,NPL,2006,2.97400,,
SP.DYN.TFRT.IN,NPL,2007,2.84300,,
SP.DYN.TFRT.IN,NPL,2008,2.71900,,
SP.DYN.TFRT.IN,NPL,2009,2.60400,,
SP.DYN.TFRT.IN,NPL,2010,2.51200,,
SP.DYN.TFRT.IN,NPL,2011,2.43900,,
SP.DYN.TFRT.IN,NPL,2012,2.38700,,
SP.DYN.TFRT.IN,NPL,2013,2.33400,,
SP.DYN.TFRT.IN,NPL,2014,2.29300,,
SP.DYN.TFRT.IN,NPL,2015,2.25000,,
SP.DYN.TFRT.IN,NPL,2016,2.20300,,
SP.DYN.TFRT.IN,NPL,2017,2.15000,,
SP.DYN.TFRT.IN,NPL,2018,2.10400,,
SP.DYN.TFRT.IN,NPL,2019,2.08000,,
SP.DYN.TFRT.IN,NPL,2020,2.05500,,
SP.DYN.TFRT.IN,NPL,2021,2.02900,,
SP.POP.GROW,NPL,1970,2.17863,,
SP.POP.GROW,NPL,1971,2.16485,,
SP.POP.GROW,NPL,1972,2.14783,,
SP.POP.GROW,NPL,1973,2.15061,,
SP.POP.GROW,NPL,1974,2.15375,,
SP.POP.GROW,NPL,1975,2.17228,,
SP.POP.GROW,NPL,1976,2.16796,,
SP.POP.GROW,NPL,1977,2.22163,,
SP.POP.GROW,NPL,1978,2.29867,,
SP.POP.GROW,NPL,1979,2.32221,,
SP.POP.GROW,NPL,1980,2.34699,,
SP.POP.GROW,NPL,1981,2.33997,,
SP.POP.GROW,NPL,1982,2.33530,,
SP.POP.GROW,NPL,1983,2.37888,,
SP.POP.GROW,NPL,1984,2.36681,,
SP.POP.GROW,NPL,1985,2.30077,,
SP.POP.GROW,NPL,1986,2.23450,,
SP.POP.GROW,NPL,1987,2.14705,,
SP.POP.GROW,NPL,1988,2.13003,,
SP.POP.GROW,NPL,1989,2.24133,,
SP.POP.GROW,NPL,1990,2.43270,,
SP.POP.GROW,NPL,1991,2.58774,,
SP.POP.GROW,NPL,1992,2.79868,,
SP.POP.GROW,NPL,1993,2.69367,,
SP.POP.GROW,NPL,1994,2.44957,,
SP.POP.GROW,NPL,1995,2.31673,,
SP.POP.GROW,NPL,1996,2.12207,,
SP.POP.GROW,NPL,1997,2.02229,,
SP.POP.GROW,NPL,1998,1.93354,,
SP.POP.GROW,NPL,1999,1.83855,,
SP.POP.GROW,NPL,2000,1.70978,,
SP.POP.GROW,NPL,2001,1.60184,,
SP.POP.GROW,NPL,2002,1.49583,,
SP.POP.GROW,NPL,2003,1.37503,,
SP.POP.GROW,NPL,2004,1.24233,,
SP.POP.GROW,NPL,2005,1.07536,,
SP.POP.GROW,NPL,2006,0.88577,,
SP.POP.GROW,NPL,2007,0.73145,,
SP.POP.GROW,NPL,2008,0.62651,,
SP.POP.GROW,NPL,2009,0.53942,,
SP.POP.GROW,NPL,2010,0.49688,,
SP.POP.GROW,NPL,2011,0.38521,,
SP.POP.GROW,NPL,2012,0.23553,,
SP.POP.GROW,NPL,2013,0.18592,,
SP.POP.GROW,NPL,2014,0.29375,,
SP.POP.GROW,NPL,2015,0.53827,,
SP.POP.GROW,NPL,2016,0.90447,,
SP.POP.GROW,NPL,2017,1.14995,,
SP.POP.GROW,NPL,2018,1.14055,,
SP.POP.GROW,NPL,2019,1.13635,,
SP.POP.GROW,NPL,2020,1.77427,,
SP.POP.GROW,NPL,2021,2.31172,,
SP.POP.GROW,NPL,2022,1.69225,,
SP.RUR.TOTL.ZS,NPL,1970,96.04400,,
SP.RUR.TOTL.ZS,NPL,1971,95.99500,,
SP.RUR.TOTL.ZS,NPL,1972,95.80200,,
SP.RUR.TOTL.ZS,NPL,1973,95.60100,,
SP.RUR.TOTL.ZS,NPL,1974,95.39000,,
SP.RUR.TOTL.ZS,NPL,1975,95.17000,,
SP.RUR.TOTL.ZS,NPL,1976,94.93900,,
SP.RUR.TOTL.ZS,NPL,1977,94.69800,,
SP.RUR.TOTL.ZS,NPL,1978,94.44700,,
SP.RUR.TOTL.ZS,NPL,1979,94.18400,,
SP.RUR.TOTL.ZS,NPL,1980,93.90900,,
SP.RUR.TOTL.ZS,NPL,1981,93.62400,,
SP.RUR.TOTL.ZS,NPL,1982,93.38400,,
SP.RUR.TOTL.ZS,NPL,1983,93.13600,,
SP.RUR.TOTL.ZS,NPL,1984,92.87900,,
SP.RUR.TOTL.ZS,NPL,1985,92.61400,,
SP.RUR.TOTL.ZS,NPL,1986,92.34000,,
SP.RUR.TOTL.ZS,NPL,1987,92.05600,,
SP.RUR.TOTL.ZS,NPL,1988,91.76200,,
SP.RUR.TOTL.ZS,NPL,1989,91.45900,,
SP.RUR.TOTL.ZS,NPL,1990,91.14600,,
SP.RUR.TOTL.ZS,NPL,1991,90.82000,,
SP.RUR.TOTL.ZS,NPL,1992,90.41800,,
SP.RUR.TOTL.ZS,NPL,1993,90.00100,,
SP.RUR.TOTL.ZS,NPL,1994,89.56700,,
SP.RUR.TOTL.ZS,NPL,1995,89.11700,,
SP.RUR.TOTL.ZS,NPL,1996,88.65000,,
SP.RUR.TOTL.ZS,NPL,1997,88.16600,,
SP.RUR.TOTL.ZS,NPL,1998,87.66400,,
SP.RUR.TOTL.ZS,NPL,1999,87.14300,,
SP.RUR.TOTL.ZS,NPL,2000,86.60300,,
SP.RUR.TOTL.ZS,NPL,2001,86.05300,,
SP.RUR.TOTL.ZS,NPL,2002,85.76000,,
SP.RUR.TOTL.ZS,NPL,2003,85.46200,,
SP.RUR.TOTL.ZS,NPL,2004,85.15900,,
SP.RUR.TOTL.ZS,NPL,2005,84.85100,,
SP.RUR.TOTL.ZS,NPL,2006,84.53800,,
SP.RUR.TOTL.ZS,NPL,2007,84.21900,,
SP.RUR.TOTL.ZS,NPL,2008,83.89500,,
SP.RUR.TOTL.ZS,NPL,2009,83.56600,,
SP.RUR.TOTL.ZS,NPL,2010,83.23200,,
SP.RUR.TOTL.ZS,NPL,2011,82.89200,,
SP.RUR.TOTL.ZS,NPL,2012,82.54200,,
SP.RUR.TOTL.ZS,NPL,2013,82.18500,,
SP.RUR.TOTL.ZS,NPL,2014,81.81800,,
SP.RUR.TOTL.ZS,NPL,2015,81.44300,,
SP.RUR.TOTL.ZS,NPL,2016,81.05800,,
SP.RUR.TOTL.ZS,NPL,2017,80.66400,,
SP.RUR.TOTL.ZS,NPL,2018,80.26000,,
SP.RUR.TOTL.ZS,NPL,2019,79.84700,,
SP.RUR.TOTL.ZS,NPL,2020,79.42400,,
SP.RUR.TOTL.ZS,NPL,2021,78.99200,,
SP.RUR.TOTL.ZS,NPL,2022,78.54900,,
XTGOV.IMF,NPL,2000,53122000000,,
XTGOV.IMF,NPL,2001,64983000000,,
XTGOV.IMF,NPL,2002,68090000000,,
XTGOV.IMF,NPL,2003,67137000000,,
XTGOV.IMF,NPL,2004,72239000000,,
XTGOV.IMF,NPL,2005,81006000000,,
XTGOV.IMF,NPL,2006,83333000000,,
XTGOV.IMF,NPL,2007,108793000000,,
XTGOV.IMF,NPL,2008,124584000000,,
XTGOV.IMF,NPL,2009,191418000000,,
XTGOV.IMF,NPL,2010,223868000000,,
XTGOV.IMF,NPL,2011,254861000000,,
XTGOV.IMF,NPL,2012,294851000000,,
XTGOV.IMF,NPL,2013,302054000000,,
XTGOV.IMF,NPL,2014,370226000000,,
XTGOV.IMF,NPL,2015,428251000000,,
XTGOV.IMF,NPL,2016,494549000000,,
XTGOV.IMF,NPL,2017,727276000000,,
XTGOV.IMF,NPL,2018,967634000000,,
XTGOV.IMF,NPL,2019,1055009000000,,
XTGOV.IMF,NPL,2020,1073618000000,,
XTGOV.IMF,NPL,2021,1185995000000,,
XTGOV.IMF,NPL,2022,1296759000000,,
XTGOV.IMF,NPL,2023,1356050000000,,
